n_drones,payload_kg,fleet_Wh_per_km,CL,CLmax_wing,CD_total,thrust_required_per_drone_N,thrust_available_per_drone_N,feasible,reason
2,0.0,42.99725434173732,0.2630479447763494,1.5950526315789475,0.1268179371649778,46.796211446345815,184.5417721998419,True,
2,1.0,43.14719795996523,0.2763359769167808,1.5950526315789475,0.12726018727247498,46.95940310523303,184.5417721998419,True,
2,2.0,43.30452947218899,0.28962400905721214,1.5950526315789475,0.1277242275498537,47.13063540426961,184.5417721998419,True,
2,3.0,43.469248878408585,0.3029120411976435,1.5950526315789475,0.12821005799711396,47.309908343455554,184.5417721998419,True,
2,4.0,43.64135617862402,0.3162000733380748,1.5950526315789475,0.12871767861425576,47.49722192279086,184.5417721998419,True,
2,5.0,43.82085137283531,0.3294881054785062,1.5950526315789475,0.1292470894012791,47.692576142275534,184.5417721998419,True,
2,6.0,44.00773446104243,0.34277613761893755,1.5950526315789475,0.129798290358184,47.89597100190957,184.5417721998419,True,
2,7.0,44.202005443245405,0.3560641697593689,1.5950526315789475,0.1303712814849704,48.10740650169298,184.5417721998419,True,
2,8.0,44.403664319444204,0.3693522018998002,1.5950526315789475,0.13096606278163836,48.32688264162574,184.5417721998419,True,
2,9.0,44.61271108963885,0.3826402340402316,1.5950526315789475,0.13158263424818784,48.55439942170786,184.5417721998419,True,
2,10.0,44.82914575382934,0.39592826618066296,1.5950526315789475,0.13222099588461886,48.78995684193936,184.5417721998419,True,
2,11.0,45.05296831201567,0.4092162983210943,1.5950526315789475,0.13288114769093143,49.03355490232021,184.5417721998419,True,
2,12.0,45.28417876419785,0.42250433046152563,1.5950526315789475,0.13356308966712555,49.28519360285044,184.5417721998419,True,
2,13.0,45.52277711037586,0.435792362601957,1.5950526315789475,0.13426682181320118,49.544872943530024,184.5417721998419,True,
2,14.0,45.76876335054972,0.4490803947423883,1.5950526315789475,0.13499234412915836,49.812592924358974,184.5417721998419,True,
2,15.0,46.022137484719416,0.46236842688281965,1.5950526315789475,0.13573965661499707,50.088353545337284,184.5417721998419,True,
2,16.0,46.28289951288495,0.4756564590232511,1.5950526315789475,0.13650875927071734,50.37215480646496,184.5417721998419,True,
2,17.0,46.55104943504633,0.48894449116368244,1.5950526315789475,0.13729965209631914,50.663996707742,184.5417721998419,True,
2,18.0,46.82658725120356,0.5022325233041137,1.5950526315789475,0.13811233509180246,50.963879249168414,184.5417721998419,True,
2,19.0,47.10951296135661,0.5155205554445451,1.5950526315789475,0.13894680825716732,51.27180243074417,184.5417721998419,True,
2,20.0,47.39982656550552,0.5288085875849764,1.5950526315789475,0.13980307159241373,51.58776625246931,184.5417721998419,True,
2,21.0,47.697528063650275,0.5420966197254078,1.5950526315789475,0.1406811250975417,51.91177071434381,184.5417721998419,True,
2,22.0,48.00261745579086,0.5553846518658392,1.5950526315789475,0.14158096877255116,52.24381581636767,184.5417721998419,True,
2,23.0,48.3150947419273,0.5686726840062706,1.5950526315789475,0.14250260261744221,52.5839015585409,184.5417721998419,True,
2,24.0,48.63495992205957,0.5819607161467019,1.5950526315789475,0.14344602663221478,52.9320279408635,184.5417721998419,True,
2,25.0,48.962212996187674,0.5952487482871333,1.5950526315789475,0.14441124081686887,53.28819496333544,184.5417721998419,True,
2,26.0,49.29685396431164,0.6085367804275645,1.5950526315789475,0.1453982451714045,53.65240262595677,184.5417721998419,True,
2,27.0,49.63888282643144,0.6218248125679959,1.5950526315789475,0.1464070396958217,54.02465092872745,184.5417721998419,True,
2,28.0,49.98829958254707,0.6351128447084273,1.5950526315789475,0.1474376243901204,54.40493987164749,184.5417721998419,True,
2,29.0,50.34510423265856,0.6484008768488587,1.5950526315789475,0.14848999925430068,54.79326945471691,184.5417721998419,True,
2,30.0,50.70929677676587,0.66168890898929,1.5950526315789475,0.14956416428836244,55.18963967793567,184.5417721998419,True,
2,31.0,51.08087721486904,0.6749769411297214,1.5950526315789475,0.1506601194923058,55.59405054130382,184.5417721998419,True,
2,32.0,51.45984554696805,0.6882649732701527,1.5950526315789475,0.15177786486613065,56.006502044821325,184.5417721998419,True,
2,33.0,51.846201773062894,0.7015530054105841,1.5950526315789475,0.15291740040983706,56.426994188488194,184.5417721998419,True,
2,34.0,52.23994589315358,0.7148410375510155,1.5950526315789475,0.154078726123425,56.855526972304425,184.5417721998419,True,
2,35.0,52.6410779072401,0.7281290696914468,1.5950526315789475,0.15526184200689447,57.29210039627001,184.5417721998419,True,
2,36.0,53.04959781532249,0.7414171018318781,1.5950526315789475,0.15646674806024552,57.73671446038499,184.5417721998419,True,
2,37.0,53.4655056174007,0.7547051339723094,1.5950526315789475,0.15769344428347806,58.18936916464931,184.5417721998419,True,
2,38.0,53.88880131347475,0.7679931661127408,1.5950526315789475,0.15894193067659215,58.65006450906299,184.5417721998419,True,
2,39.0,54.31948490354465,0.7812811982531721,1.5950526315789475,0.1602122072395878,59.11880049362604,184.5417721998419,True,
2,40.0,54.757556387610386,0.7945692303936035,1.5950526315789475,0.16150427397246497,59.59557711833846,184.5417721998419,True,
2,41.0,55.203015765671964,0.8078572625340349,1.5950526315789475,0.16281813087522368,60.080394383200236,184.5417721998419,True,
2,42.0,55.65586303772938,0.8211452946744662,1.5950526315789475,0.16415377794786393,60.57325228821138,184.5417721998419,True,
2,43.0,56.116098203782656,0.8344333268148976,1.5950526315789475,0.16551121519038572,61.074150833371895,184.5417721998419,True,
2,44.0,56.58372126383177,0.847721358955329,1.5950526315789475,0.16689044260278907,61.58309001868178,184.5417721998419,True,
2,45.0,57.058732217876695,0.8610093910957602,1.5950526315789475,0.1682914601850739,62.100069844141,184.5417721998419,True,
2,46.0,57.5411310659175,0.8742974232361915,1.5950526315789475,0.16971426793724032,62.62509030974961,184.5417721998419,True,
2,47.0,58.030917807954125,0.8875854553766229,1.5950526315789475,0.17115886585928825,63.158151415507575,184.5417721998419,True,
2,48.0,58.528092443986594,0.9008734875170542,1.5950526315789475,0.17262525395121772,63.6992531614149,184.5417721998419,True,
2,49.0,59.0326549740149,0.9141615196574856,1.5950526315789475,0.17411343221302875,64.24839554747159,184.5417721998419,True,
2,50.0,59.54460539803906,0.9274495517979169,1.5950526315789475,0.1756234006447213,64.80557857367765,184.5417721998419,True,
2,51.0,60.06394371605906,0.9407375839383483,1.5950526315789475,0.17715515924629538,65.37080224003307,184.5417721998419,True,
2,52.0,60.590669928074895,0.9540256160787798,1.5950526315789475,0.17870870801775102,65.94406654653785,184.5417721998419,True,
2,53.0,61.124784034086595,0.9673136482192111,1.5950526315789475,0.18028404695908823,66.52537149319203,184.5417721998419,True,
2,54.0,61.66628603409409,0.9806016803596425,1.5950526315789475,0.1818811760703069,67.11471707999551,184.5417721998419,True,
2,55.0,62.215175928097466,0.9938897125000737,1.5950526315789475,0.18350009535140716,67.7121033069484,184.5417721998419,True,
2,56.0,62.771453716096666,1.007177744640505,1.5950526315789475,0.18514080480238893,68.31753017405065,184.5417721998419,True,
2,57.0,63.33511939809172,1.0204657767809364,1.5950526315789475,0.18680330442325227,68.93099768130226,184.5417721998419,True,
2,58.0,63.9061729740826,1.0337538089213678,1.5950526315789475,0.18848759421399713,69.55250582870322,184.5417721998419,True,
2,59.0,64.48461444406932,1.0470418410617992,1.5950526315789475,0.19019367417462352,70.18205461625355,184.5417721998419,True,
2,60.0,65.07044380805189,1.0603298732022304,1.5950526315789475,0.19192154430513145,70.81964404395325,184.5417721998419,True,
2,61.0,65.66366106603031,1.0736179053426618,1.5950526315789475,0.19367120460552095,71.46527411180232,184.5417721998419,True,
2,62.0,66.26426621800456,1.0869059374830932,1.5950526315789475,0.19544265507579195,72.11894481980075,184.5417721998419,True,
2,63.0,66.87225926397468,1.1001939696235246,1.5950526315789475,0.19723589571594452,72.78065616794855,184.5417721998419,True,
2,64.0,67.48764020394061,1.1134820017639557,1.5950526315789475,0.19905092652597858,73.4504081562457,184.5417721998419,True,
2,65.0,68.1104090379024,1.1267700339043873,1.5950526315789475,0.20088774750589425,74.12820078469223,184.5417721998419,True,
2,66.0,68.74056576586001,1.1400580660448187,1.5950526315789475,0.2027463586556914,74.8140340532881,184.5417721998419,True,
2,67.0,69.37811038781348,1.15334609818525,1.5950526315789475,0.2046267599753701,75.50790796203336,184.5417721998419,True,
2,68.0,70.02304290376279,1.1666341303256813,1.5950526315789475,0.20652895146493033,76.20982251092796,184.5417721998419,True,
2,69.0,70.67536331370792,1.1799221624661127,1.5950526315789475,0.20845293312437213,76.91977769997193,184.5417721998419,True,
2,70.0,71.33507161764891,1.193210194606544,1.5950526315789475,0.21039870495369545,77.63777352916527,184.5417721998419,True,
2,71.0,72.00216781558574,1.2064982267469753,1.5950526315789475,0.21236626695290028,78.36380999850797,184.5417721998419,True,
2,72.0,72.67665190751842,1.2197862588874067,1.5950526315789475,0.2143556191219867,79.09788710800005,184.5417721998419,True,
2,73.0,73.35852389344691,1.233074291027838,1.5950526315789475,0.21636676146095463,79.84000485764147,184.5417721998419,True,
2,74.0,74.04778377337126,1.2463623231682694,1.5950526315789475,0.2183996939698041,80.59016324743227,184.5417721998419,True,
2,75.0,74.74443154729148,1.2596503553087008,1.5950526315789475,0.22045441664853513,81.34836227737244,184.5417721998419,True,
2,76.0,75.4484672152075,1.272938387449132,1.5950526315789475,0.22253092949714764,82.11460194746195,184.5417721998419,True,
2,77.0,76.15989077711939,1.2862264195895634,1.5950526315789475,0.22462923251564174,82.88888225770084,184.5417721998419,True,
2,78.0,76.87870223302713,1.299514451729995,1.5950526315789475,0.2267493257040174,83.67120320808912,184.5417721998419,True,
2,79.0,77.60490158293068,1.3128024838704262,1.5950526315789475,0.22889120906227456,84.46156479862672,184.5417721998419,True,
2,80.0,78.33848882683009,1.3260905160108576,1.5950526315789475,0.23105488259041326,85.25996702931371,184.5417721998419,True,
2,81.0,79.07946396472532,1.339378548151289,1.5950526315789475,0.2332403462884335,86.06640990015005,184.5417721998419,True,
2,82.0,79.82782699661641,1.3526665802917204,1.5950526315789475,0.23544760015633526,86.88089341113576,184.5417721998419,True,
2,83.0,80.58357792250334,1.3659546124321515,1.5950526315789475,0.23767664419411855,87.70341756227083,184.5417721998419,True,
2,84.0,81.34671674238612,1.379242644572583,1.5950526315789475,0.23992747840178347,88.53398235355529,184.5417721998419,True,
2,85.0,82.11724345626475,1.3925306767130146,1.5950526315789475,0.24220010277932985,89.3725877849891,184.5417721998419,True,
2,86.0,82.89515806413918,1.4058187088534457,1.5950526315789475,0.24449451732675775,90.21923385657225,184.5417721998419,True,
2,87.0,83.6804605660095,1.4191067409938771,1.5950526315789475,0.2468107220440673,91.0739205683048,184.5417721998419,True,
2,88.0,84.47315096187563,1.4323947731343085,1.5950526315789475,0.24914871693125829,91.93664792018669,184.5417721998419,True,
2,89.0,85.2732292517376,1.44568280527474,1.5950526315789475,0.2515085019883308,92.80741591221793,184.5417721998419,True,
2,90.0,86.08069543559543,1.458970837415171,1.5950526315789475,0.2538900772152849,93.68622454439857,184.5417721998419,True,
2,91.0,86.89554951344907,1.4722588695556025,1.5950526315789475,0.2562934426121205,94.57307381672854,184.5417721998419,True,
2,92.0,87.71779148529859,1.4855469016960339,1.5950526315789475,0.2587185981788377,95.46796372920791,184.5417721998419,True,
2,93.0,88.54742135114394,1.4988349338364653,1.5950526315789475,0.2611655439154364,96.37089428183661,184.5417721998419,True,
2,94.0,89.38443911098513,1.5121229659768964,1.5950526315789475,0.2636342798219166,97.2818654746147,184.5417721998419,True,
2,95.0,90.22884476482214,1.5254109981173278,1.5950526315789475,0.26612480589827836,98.20087730754213,184.5417721998419,True,
2,96.0,91.08063831265501,1.5386990302577592,1.5950526315789475,0.2686371221445217,99.12792978061894,184.5417721998419,True,
2,97.0,91.93981975448375,1.5519870623981906,1.5950526315789475,0.27117122856064657,100.06302289384513,184.5417721998419,True,
2,98.0,92.80638909030829,1.5652750945386218,1.5950526315789475,0.2737271251466529,101.00615664722065,184.5417721998419,True,
2,99.0,93.68034632012869,1.5785631266790532,1.5950526315789475,0.27630481190254086,101.95733104074556,184.5417721998419,True,
2,100.0,94.56169144394491,1.5918511588194846,1.5950526315789475,0.2789042888283103,102.9165460744198,184.5417721998419,True,
2,101.0,nan,1.605139190959916,1.5950526315789475,0.28152555592396133,103.88380174824346,184.5417721998419,False,drones cannot carry payload: CL 1.605 > CLmax 1.595
2,102.0,nan,1.6184272231003471,1.5950526315789475,0.2841686131894938,104.85909806221642,184.5417721998419,False,drones cannot carry payload: CL 1.618 > CLmax 1.595
2,103.0,nan,1.6317152552407785,1.5950526315789475,0.28683346062490794,105.84243501633878,184.5417721998419,False,drones cannot carry payload: CL 1.632 > CLmax 1.595
2,104.0,nan,1.64500328738121,1.5950526315789475,0.2895200982302035,106.8338126106105,184.5417721998419,False,drones cannot carry payload: CL 1.645 > CLmax 1.595
2,105.0,nan,1.6582913195216413,1.5950526315789475,0.29222852600538074,107.8332308450316,184.5417721998419,False,drones cannot carry payload: CL 1.658 > CLmax 1.595
2,106.0,nan,1.6715793516620727,1.5950526315789475,0.2949587439504394,108.84068971960204,184.5417721998419,False,drones cannot carry payload: CL 1.672 > CLmax 1.595
2,107.0,nan,1.684867383802504,1.5950526315789475,0.2977107520653796,109.85618923432185,184.5417721998419,False,drones cannot carry payload: CL 1.685 > CLmax 1.595
2,108.0,nan,1.6981554159429353,1.5950526315789475,0.3004845503502014,110.87972938919103,184.5417721998419,False,drones cannot carry payload: CL 1.698 > CLmax 1.595
2,109.0,nan,1.7114434480833667,1.5950526315789475,0.30328013880490473,111.91131018420957,184.5417721998419,False,drones cannot carry payload: CL 1.711 > CLmax 1.595
2,110.0,nan,1.7247314802237983,1.5950526315789475,0.30609751742948965,112.95093161937751,184.5417721998419,False,drones cannot carry payload: CL 1.725 > CLmax 1.595
2,111.0,nan,1.7380195123642297,1.5950526315789475,0.308936686223956,113.99859369469476,184.5417721998419,False,drones cannot carry payload: CL 1.738 > CLmax 1.595
2,112.0,nan,1.7513075445046609,1.5950526315789475,0.3117976451883039,115.05429641016138,184.5417721998419,False,drones cannot carry payload: CL 1.751 > CLmax 1.595
2,113.0,nan,1.7645955766450923,1.5950526315789475,0.31468039432253336,116.11803976577738,184.5417721998419,False,drones cannot carry payload: CL 1.765 > CLmax 1.595
2,114.0,nan,1.7778836087855237,1.5950526315789475,0.31758493362664436,117.18982376154274,184.5417721998419,False,drones cannot carry payload: CL 1.778 > CLmax 1.595
2,115.0,nan,1.791171640925955,1.5950526315789475,0.32051126310063693,118.26964839745749,184.5417721998419,False,drones cannot carry payload: CL 1.791 > CLmax 1.595
2,116.0,nan,1.8044596730663864,1.5950526315789475,0.323459382744511,119.35751367352158,184.5417721998419,False,drones cannot carry payload: CL 1.804 > CLmax 1.595
2,117.0,nan,1.8177477052068176,1.5950526315789475,0.3264292925582666,120.45341958973502,184.5417721998419,False,drones cannot carry payload: CL 1.818 > CLmax 1.595
2,118.0,nan,1.831035737347249,1.5950526315789475,0.32942099254190377,121.55736614609786,184.5417721998419,False,drones cannot carry payload: CL 1.831 > CLmax 1.595
2,119.0,nan,1.8443237694876804,1.5950526315789475,0.3324344826954225,122.66935334261004,184.5417721998419,False,drones cannot carry payload: CL 1.844 > CLmax 1.595
2,120.0,nan,1.8576118016281118,1.5950526315789475,0.3354697630188227,123.78938117927157,184.5417721998419,False,drones cannot carry payload: CL 1.858 > CLmax 1.595
3,0.0,46.352535465475576,0.2630479447763494,1.5950526315789475,0.09114276434766058,33.631962225257354,184.5417721998419,True,
3,1.0,46.5012477680375,0.27190663286997035,1.5950526315789475,0.09143517662267187,33.73986326005445,184.5417721998419,True,
3,2.0,46.654885333263344,0.2807653209635912,1.5950526315789475,0.09173727341763051,33.85133791269572,184.5417721998419,True,
3,3.0,46.813448161153076,0.28962400905721214,1.5950526315789475,0.0920490547325365,33.96638618318115,184.5417721998419,True,
3,4.0,46.9769362517067,0.29848269715083303,1.5950526315789475,0.09237052056738983,34.085008071510735,184.5417721998419,True,
3,5.0,47.14534960492421,0.3073413852444539,1.5950526315789475,0.09270167092219052,34.20720357768448,184.5417721998419,True,
3,6.0,47.318688220805626,0.3162000733380748,1.5950526315789475,0.09304250579693855,34.332972701702396,184.5417721998419,True,
3,7.0,47.496952099350935,0.32505876143169576,1.5950526315789475,0.09339302519163394,34.46231544356447,184.5417721998419,True,
3,8.0,47.68014124056014,0.3339174495253166,1.5950526315789475,0.09375322910627668,34.59523180327071,184.5417721998419,True,
3,9.0,47.86825564443323,0.34277613761893755,1.5950526315789475,0.09412311754086676,34.731721780821104,184.5417721998419,True,
3,10.0,48.06129531097023,0.3516348257125585,1.5950526315789475,0.0945026904954042,34.87178537621566,184.5417721998419,True,
3,11.0,48.25926024017111,0.36049351380617933,1.5950526315789475,0.09489194796988898,35.01542258945438,184.5417721998419,True,
3,12.0,48.46215043203589,0.3693522018998002,1.5950526315789475,0.09529088996432113,35.16263342053727,184.5417721998419,True,
3,13.0,48.66996588656457,0.37821088999342106,1.5950526315789475,0.09569951647870062,35.31341786946432,184.5417721998419,True,
3,14.0,48.88270660375714,0.3870695780870421,1.5950526315789475,0.09611782751302746,35.467775936235526,184.5417721998419,True,
3,15.0,49.1003725836136,0.39592826618066296,1.5950526315789475,0.09654582306730164,35.62570762085089,184.5417721998419,True,
3,16.0,49.32296382613396,0.40478695427428385,1.5950526315789475,0.09698350314152318,35.78721292331042,184.5417721998419,True,
3,17.0,49.550480331318205,0.4136456423679048,1.5950526315789475,0.09743086773569208,35.95229184361411,184.5417721998419,True,
3,18.0,49.782922099166356,0.42250433046152563,1.5950526315789475,0.09788791684980831,36.12094438176197,184.5417721998419,True,
3,19.0,50.0202891296784,0.4313630185551465,1.5950526315789475,0.0983546504838719,36.29317053775399,184.5417721998419,True,
3,20.0,50.262581422854325,0.4402217066487675,1.5950526315789475,0.09883106863788285,36.46897031159016,184.5417721998419,True,
3,21.0,50.50979897869416,0.4490803947423883,1.5950526315789475,0.09931717131184115,36.648343703270506,184.5417721998419,True,
3,22.0,50.76194179719788,0.4579390828360092,1.5950526315789475,0.09981295850574678,36.831290712795,184.5417721998419,True,
3,23.0,51.0190098783655,0.4667977709296302,1.5950526315789475,0.10031843021959977,37.01781134016367,184.5417721998419,True,
3,24.0,51.281003222197015,0.4756564590232511,1.5950526315789475,0.10083358645340013,37.207905585376494,184.5417721998419,True,
3,25.0,51.547921828692424,0.48451514711687194,1.5950526315789475,0.1013584272071478,37.40157344843348,184.5417721998419,True,
3,26.0,51.81976569785173,0.4933738352104929,1.5950526315789475,0.10189295248084285,37.59881492933463,184.5417721998419,True,
3,27.0,52.096534829674916,0.5022325233041137,1.5950526315789475,0.10243716227448524,37.79963002807994,184.5417721998419,True,
3,28.0,52.37822922416201,0.5110912113977346,1.5950526315789475,0.10299105658807499,38.004018744669416,184.5417721998419,True,
3,29.0,52.664848881313006,0.5199498994913556,1.5950526315789475,0.10355463542161208,38.211981079103055,184.5417721998419,True,
3,30.0,52.95639380112788,0.5288085875849764,1.5950526315789475,0.10412789877509653,38.42351703138085,184.5417721998419,True,
3,31.0,53.25286398360664,0.5376672756785973,1.5950526315789475,0.10471084664852831,38.6386266015028,184.5417721998419,True,
3,32.0,53.554259428749326,0.5465259637722183,1.5950526315789475,0.10530347904190747,38.85730978946893,184.5417721998419,True,
3,33.0,53.860580136555875,0.5553846518658392,1.5950526315789475,0.10590579595523396,39.0795665952792,184.5417721998419,True,
3,34.0,54.17182610702634,0.5642433399594601,1.5950526315789475,0.1065177973885078,39.305397018933654,184.5417721998419,True,
3,35.0,54.487997340160696,0.573102028053081,1.5950526315789475,0.107139483341729,39.53480106043226,184.5417721998419,True,
3,36.0,54.80909383595894,0.5819607161467019,1.5950526315789475,0.10777085381489755,39.76777871977503,184.5417721998419,True,
3,37.0,55.135115594421066,0.5908194042403228,1.5950526315789475,0.10841190880801344,40.00432999696195,184.5417721998419,True,
3,38.0,55.466062615547116,0.5996780923339438,1.5950526315789475,0.1090626483210767,40.24445489199305,184.5417721998419,True,
3,39.0,55.80193489933704,0.6085367804275645,1.5950526315789475,0.10972307235408729,40.4881534048683,184.5417721998419,True,
3,40.0,56.14273244579086,0.6173954685211854,1.5950526315789475,0.11039318090704522,40.73542553558771,184.5417721998419,True,
3,41.0,56.48845525490858,0.6262541566148064,1.5950526315789475,0.11107297397995053,40.986271284151286,184.5417721998419,True,
3,42.0,56.839103326690186,0.6351128447084273,1.5950526315789475,0.11176245157280318,41.240690650559024,184.5417721998419,True,
3,43.0,57.19467666113571,0.6439715328020482,1.5950526315789475,0.11246161368560319,41.49868363481093,184.5417721998419,True,
3,44.0,57.55517525824511,0.6528302208956691,1.5950526315789475,0.11317046031835053,41.76025023690699,184.5417721998419,True,
3,45.0,57.920599118018394,0.66168890898929,1.5950526315789475,0.11388899147104523,42.02539045684721,184.5417721998419,True,
3,46.0,58.29094824045559,0.6705475970829109,1.5950526315789475,0.11461720714368728,42.2941042946316,184.5417721998419,True,
3,47.0,58.66622262555667,0.6794062851765318,1.5950526315789475,0.11535510733627667,42.566391750260145,184.5417721998419,True,
3,48.0,59.04642227332165,0.6882649732701527,1.5950526315789475,0.11610269204881343,42.842252823732856,184.5417721998419,True,
3,49.0,59.43154718375053,0.6971236613637736,1.5950526315789475,0.11685996128129753,43.12168751504973,184.5417721998419,True,
3,50.0,59.8215973568433,0.7059823494573945,1.5950526315789475,0.11762691503372898,43.40469582421076,184.5417721998419,True,
3,51.0,60.21657279259996,0.7148410375510155,1.5950526315789475,0.11840355330610779,43.691277751215964,184.5417721998419,True,
3,52.0,60.61647349102051,0.7236997256446362,1.5950526315789475,0.11918987609843393,43.98143329606531,184.5417721998419,True,
3,53.0,61.02129945210497,0.7325584137382571,1.5950526315789475,0.11998588341070743,44.275162458758835,184.5417721998419,True,
3,54.0,61.43105067585331,0.7414171018318781,1.5950526315789475,0.12079157524292829,44.57246523929651,184.5417721998419,True,
3,55.0,61.84572716226555,0.7502757899254989,1.5950526315789475,0.12160695159509648,44.87334163767835,184.5417721998419,True,
3,56.0,62.2653289113417,0.75913447801912,1.5950526315789475,0.12243201246721205,45.177791653904364,184.5417721998419,True,
3,57.0,62.68985592308171,0.7679931661127408,1.5950526315789475,0.12326675785927493,45.485815287974525,184.5417721998419,True,
3,58.0,63.11930819748563,0.7768518542063617,1.5950526315789475,0.12411118777128519,45.797412539888846,184.5417721998419,True,
3,59.0,63.55368573455346,0.7857105422999827,1.5950526315789475,0.12496530220324281,46.11258340964735,184.5417721998419,True,
3,60.0,63.99298853428517,0.7945692303936035,1.5950526315789475,0.12582910115514775,46.43132789724999,184.5417721998419,True,
3,61.0,64.43721659668077,0.8034279184872244,1.5950526315789475,0.12670258462700007,46.75364600269681,184.5417721998419,True,
3,62.0,64.88636992174028,0.8122866065808454,1.5950526315789475,0.12758575261879973,47.07953772598779,184.5417721998419,True,
3,63.0,65.34044850946367,0.8211452946744662,1.5950526315789475,0.1284786051305467,47.40900306712292,184.5417721998419,True,
3,64.0,65.79945235985096,0.8300039827680872,1.5950526315789475,0.12938114216224106,47.74204202610222,184.5417721998419,True,
3,65.0,66.26338147290215,0.8388626708617081,1.5950526315789475,0.13029336371388278,48.07865460292568,184.5417721998419,True,
3,66.0,66.73223584861722,0.847721358955329,1.5950526315789475,0.13121526978547182,48.4188407975933,184.5417721998419,True,
3,67.0,67.2060154869962,0.8565800470489499,1.5950526315789475,0.13214686037700824,48.76260061010508,184.5417721998419,True,
3,68.0,67.68472038803907,0.8654387351425707,1.5950526315789475,0.133088135488492,49.109934040461034,184.5417721998419,True,
3,69.0,68.16835055174582,0.8742974232361915,1.5950526315789475,0.13403909511992307,49.460841088661134,184.5417721998419,True,
3,70.0,68.65690597811647,0.8831561113298125,1.5950526315789475,0.13499973927130154,49.8153217547054,184.5417721998419,True,
3,71.0,69.15038666715104,0.8920147994234334,1.5950526315789475,0.13597006794262737,50.173376038593844,184.5417721998419,True,
3,72.0,69.64879261884948,0.9008734875170542,1.5950526315789475,0.1369500811339005,50.53500394032643,184.5417721998419,True,
3,73.0,70.15212383321183,0.9097321756106752,1.5950526315789475,0.13793977884512104,50.9002054599032,184.5417721998419,True,
3,74.0,70.66038031023807,0.9185908637042961,1.5950526315789475,0.1389391610762889,51.268980597324116,184.5417721998419,True,
3,75.0,71.17356204992817,0.9274495517979169,1.5950526315789475,0.13994822782740407,51.64132935258918,184.5417721998419,True,
3,76.0,71.6916690522822,0.9363082398915379,1.5950526315789475,0.14096697909846664,52.01725172569842,184.5417721998419,True,
3,77.0,72.21470131730014,0.945166927985159,1.5950526315789475,0.1419954148894766,52.396747716651845,184.5417721998419,True,
3,78.0,72.74265884498193,0.9540256160787798,1.5950526315789475,0.14303353520043383,52.7798173254494,184.5417721998419,True,
3,79.0,73.27554163532766,0.9628843041724007,1.5950526315789475,0.14408134003133843,53.16646055209113,184.5417721998419,True,
3,80.0,73.81334968833725,0.9717429922660217,1.5950526315789475,0.14513882938219042,53.556677396577015,184.5417721998419,True,
3,81.0,74.35608300401074,0.9806016803596425,1.5950526315789475,0.1462060032529897,53.95046785890706,184.5417721998419,True,
3,82.0,74.90374158234813,0.9894603684532634,1.5950526315789475,0.14728286164373636,54.347831939081274,184.5417721998419,True,
3,83.0,75.45632542334941,0.9983190565468844,1.5950526315789475,0.14836940455443037,54.74876963709965,184.5417721998419,True,
3,84.0,76.0138345270146,1.007177744640505,1.5950526315789475,0.14946563198507173,55.153280952962184,184.5417721998419,True,
3,85.0,76.57626889334367,1.016036432734126,1.5950526315789475,0.15057154393566044,55.56136588666888,184.5417721998419,True,
3,86.0,77.14362852233666,1.024895120827747,1.5950526315789475,0.15168714040619652,55.97302443821975,184.5417721998419,True,
3,87.0,77.71591341399349,1.0337538089213678,1.5950526315789475,0.15281242139667991,56.388256607614764,184.5417721998419,True,
3,88.0,78.29312356831426,1.0426124970149888,1.5950526315789475,0.15394738690711068,56.80706239485394,184.5417721998419,True,
3,89.0,78.8752589852989,1.0514711851086096,1.5950526315789475,0.1550920369374888,57.229441799937284,184.5417721998419,True,
3,90.0,79.46231966494743,1.0603298732022304,1.5950526315789475,0.15624637148781423,57.65539482286478,184.5417721998419,True,
3,91.0,80.05430560725988,1.0691885612958514,1.5950526315789475,0.15741039055808706,58.084921463636455,184.5417721998419,True,
3,92.0,80.65121681223623,1.0780472493894724,1.5950526315789475,0.15858409414830724,58.51802172225229,184.5417721998419,True,
3,93.0,81.25305327987644,1.0869059374830932,1.5950526315789475,0.15976748225847473,58.95469559871228,184.5417721998419,True,
3,94.0,81.85981501018058,1.0957646255767142,1.5950526315789475,0.16096055488858962,59.39494309301644,184.5417721998419,True,
3,95.0,82.47150200314861,1.1046233136703352,1.5950526315789475,0.16216331203865186,59.838764205164765,184.5417721998419,True,
3,96.0,83.0881142587805,1.1134820017639557,1.5950526315789475,0.16337575370866136,60.286158935157225,184.5417721998419,True,
3,97.0,83.70965177707633,1.1223406898575772,1.5950526315789475,0.16459787989861835,60.73712728299389,184.5417721998419,True,
3,98.0,84.33611455803603,1.131199377951198,1.5950526315789475,0.1658296906085226,61.191669248674685,184.5417721998419,True,
3,99.0,84.96750260165962,1.1400580660448187,1.5950526315789475,0.16707118583837421,61.64978483219965,184.5417721998419,True,
3,100.0,85.60381590794711,1.1489167541384397,1.5950526315789475,0.16832236558817318,62.11147403356877,184.5417721998419,True,
3,101.0,86.24505447689847,1.1577754422320605,1.5950526315789475,0.16958322985791946,62.57673685278204,184.5417721998419,True,
3,102.0,86.89121830851377,1.1666341303256813,1.5950526315789475,0.17085377864761314,63.0455732898395,184.5417721998419,True,
3,103.0,87.54230740279294,1.1754928184193025,1.5950526315789475,0.1721340119572542,63.517983344741126,184.5417721998419,True,
3,104.0,88.19832175973602,1.1843515065129233,1.5950526315789475,0.17342392978684254,63.99396701748689,184.5417721998419,True,
3,105.0,88.85926137934295,1.193210194606544,1.5950526315789475,0.17472353213637826,64.47352430807682,184.5417721998419,True,
3,106.0,89.52512626161383,1.202068882700165,1.5950526315789475,0.17603281900586132,64.95665521651092,184.5417721998419,True,
3,107.0,90.19591640654856,1.2109275707937859,1.5950526315789475,0.17735179039529173,65.44335974278917,184.5417721998419,True,
3,108.0,90.87163181414721,1.2197862588874067,1.5950526315789475,0.17868044630466948,65.93363788691158,184.5417721998419,True,
3,109.0,91.55227248440974,1.2286449469810279,1.5950526315789475,0.18001878673399463,66.42748964887816,184.5417721998419,True,
3,110.0,92.23783841733618,1.2375036350746487,1.5950526315789475,0.18136681168326707,66.92491502868891,184.5417721998419,True,
3,111.0,92.92832961292649,1.2463623231682694,1.5950526315789475,0.18272452115248689,67.4259140263438,184.5417721998419,True,
3,112.0,93.62374607118076,1.2552210112618907,1.5950526315789475,0.18409191514165413,67.9304866418429,184.5417721998419,True,
3,113.0,94.32408779209884,1.2640796993555112,1.5950526315789475,0.18546899365076858,68.4386328751861,184.5417721998419,True,
3,114.0,95.02935477568084,1.272938387449132,1.5950526315789475,0.18685575667983045,68.9503527263735,184.5417721998419,True,
3,115.0,95.73954702192678,1.2817970755427532,1.5950526315789475,0.1882522042288397,69.46564619540507,184.5417721998419,True,
3,116.0,96.45466453083657,1.290655763636374,1.5950526315789475,0.18965833629779627,69.98451328228077,184.5417721998419,True,
3,117.0,97.17470730241028,1.299514451729995,1.5950526315789475,0.1910741528867002,70.50695398700066,184.5417721998419,True,
3,118.0,97.89967533664786,1.308373139823616,1.5950526315789475,0.1924996539955515,71.0329683095647,184.5417721998419,True,
3,119.0,98.62956863354937,1.3172318279172368,1.5950526315789475,0.1939348396243501,71.5625562499729,184.5417721998419,True,
3,120.0,99.36438719311472,1.3260905160108576,1.5950526315789475,0.19537970977309604,72.09571780822525,184.5417721998419,True,
4,0.0,49.70781658921383,0.2630479447763494,1.5950526315789475,0.07330517793900199,27.049837614713123,184.5417721998419,True,
4,1.0,49.85591323394277,0.26969196084656505,1.5950526315789475,0.07352357922151538,27.130428364138055,184.5417721998419,True,
4,2.0,50.00770382566966,0.2763359769167808,1.5950526315789475,0.07374742804649917,27.213029273600338,184.5417721998419,True,
4,3.0,50.16318836439445,0.28297999298699644,1.5950526315789475,0.07397672441395334,27.297640343099957,184.5417721998419,True,
4,4.0,50.32236685011716,0.28962400905721214,1.5950526315789475,0.07421146832387789,27.384261572636913,184.5417721998419,True,
4,5.0,50.48523928283781,0.2962680251274278,1.5950526315789475,0.07445165977627283,27.47289296221122,184.5417721998419,True,
4,6.0,50.651805662556356,0.3029120411976435,1.5950526315789475,0.07469729877113815,27.563534511822855,184.5417721998419,True,
4,7.0,50.82206598927284,0.3095560572678591,1.5950526315789475,0.07494838530847386,27.656186221471845,184.5417721998419,True,
4,8.0,50.99602026298723,0.3162000733380748,1.5950526315789475,0.07520491938827994,27.75084809115816,184.5417721998419,True,
4,9.0,51.17366848369956,0.3228440894082905,1.5950526315789475,0.07546690101055642,27.847520120881832,184.5417721998419,True,
4,10.0,51.3550106514098,0.3294881054785062,1.5950526315789475,0.07573433017530329,27.94620231064284,184.5417721998419,True,
4,11.0,51.54004676611796,0.33613212154872185,1.5950526315789475,0.07600720688252052,28.046894660441183,184.5417721998419,True,
4,12.0,51.72877682782405,0.34277613761893755,1.5950526315789475,0.07628553113220816,28.149597170276877,184.5417721998419,True,
4,13.0,51.92120083652805,0.3494201536891532,1.5950526315789475,0.07656930292436617,28.254309840149904,184.5417721998419,True,
4,14.0,52.11731879222997,0.3560641697593689,1.5950526315789475,0.07685852225899457,28.361032670060276,184.5417721998419,True,
4,15.0,52.31713069492982,0.36270818582958453,1.5950526315789475,0.07715318913609336,28.469765660007987,184.5417721998419,True,
4,16.0,52.52063654462758,0.3693522018998002,1.5950526315789475,0.07745330355566252,28.580508809993034,184.5417721998419,True,
4,17.0,52.727836341323275,0.37599621797001587,1.5950526315789475,0.07775886551770207,28.693262120015433,184.5417721998419,True,
4,18.0,52.938730085016886,0.3826402340402316,1.5950526315789475,0.07806987502221202,28.808025590075168,184.5417721998419,True,
4,19.0,53.153317775708416,0.3892842501104473,1.5950526315789475,0.07838633206919234,28.924799220172247,184.5417721998419,True,
4,20.0,53.37159941339787,0.39592826618066296,1.5950526315789475,0.07870823665864304,29.043583010306662,184.5417721998419,True,
4,21.0,53.59357499808523,0.40257228225087865,1.5950526315789475,0.07903558879056413,29.164376960478418,184.5417721998419,True,
4,22.0,53.81924452977053,0.4092162983210943,1.5950526315789475,0.07936838846495561,29.28718107068752,184.5417721998419,True,
4,23.0,54.04860800845373,0.41586031439131,1.5950526315789475,0.07970663568181746,29.411995340933956,184.5417721998419,True,
4,24.0,54.281665434134865,0.42250433046152563,1.5950526315789475,0.0800503304411497,29.538819771217735,184.5417721998419,True,
4,25.0,54.51841680681392,0.42914834653174133,1.5950526315789475,0.08039947274295234,29.667654361538858,184.5417721998419,True,
4,26.0,54.7588621264909,0.435792362601957,1.5950526315789475,0.08075406258722535,29.79849911189732,184.5417721998419,True,
4,27.0,55.003001393165796,0.44243637867217267,1.5950526315789475,0.08111409997396876,29.931354022293128,184.5417721998419,True,
4,28.0,55.250834606838616,0.4490803947423883,1.5950526315789475,0.08147958490318254,30.066219092726275,184.5417721998419,True,
4,29.0,55.50236176750935,0.455724410812604,1.5950526315789475,0.0818505173748667,30.20309432319676,184.5417721998419,True,
4,30.0,55.757582875178,0.46236842688281965,1.5950526315789475,0.08222689738902125,30.341979713704585,184.5417721998419,True,
4,31.0,56.01649792984458,0.4690124429530354,1.5950526315789475,0.0826087249456462,30.482875264249753,184.5417721998419,True,
4,32.0,56.279106931509084,0.4756564590232511,1.5950526315789475,0.08299600004474152,30.625780974832264,184.5417721998419,True,
4,33.0,56.545409880171505,0.48230047509346674,1.5950526315789475,0.08338872268630722,30.770696845452115,184.5417721998419,True,
4,34.0,56.81540677583185,0.48894449116368244,1.5950526315789475,0.08378689287034331,30.91762287610931,184.5417721998419,True,
4,35.0,57.089097618490115,0.4955885072338981,1.5950526315789475,0.08419051059684979,31.06655906680384,184.5417721998419,True,
4,36.0,57.36648240814629,0.5022325233041137,1.5950526315789475,0.08459957586582664,31.217505417535712,184.5417721998419,True,
4,37.0,57.647561144800406,0.5088765393743294,1.5950526315789475,0.08501408867727389,31.37046192830493,184.5417721998419,True,
4,38.0,57.932333828452414,0.5155205554445451,1.5950526315789475,0.0854340490311915,31.52542859911148,184.5417721998419,True,
4,39.0,58.220800459102364,0.5221645715147608,1.5950526315789475,0.08585945692757953,31.682405429955377,184.5417721998419,True,
4,40.0,58.51296103675022,0.5288085875849764,1.5950526315789475,0.08629031236643792,31.84139242083661,184.5417721998419,True,
4,41.0,58.808815561396024,0.5354526036551921,1.5950526315789475,0.08672661534776671,32.002389571755195,184.5417721998419,True,
4,42.0,59.10836403303973,0.5420966197254078,1.5950526315789475,0.08716836587156587,32.165396882711114,184.5417721998419,True,
4,43.0,59.41160645168136,0.5487406357956235,1.5950526315789475,0.08761556393783543,32.33041435370438,184.5417721998419,True,
4,44.0,59.71854281732091,0.5553846518658392,1.5950526315789475,0.08806820954657535,32.49744198473498,184.5417721998419,True,
4,45.0,60.02917312995838,0.5620286679360549,1.5950526315789475,0.08852630269778569,32.66647977580292,184.5417721998419,True,
4,46.0,60.34349738959377,0.5686726840062706,1.5950526315789475,0.08898984339146639,32.837527726908206,184.5417721998419,True,
4,47.0,60.66151559622708,0.5753167000764863,1.5950526315789475,0.08945883162761747,33.01058583805083,184.5417721998419,True,
4,48.0,60.983227749858315,0.5819607161467019,1.5950526315789475,0.08993326740623894,33.185654109230796,184.5417721998419,True,
4,49.0,61.30863385048747,0.5886047322169176,1.5950526315789475,0.0904131507273308,33.3627325404481,184.5417721998419,True,
4,50.0,61.637733898114554,0.5952487482871333,1.5950526315789475,0.09089848159089306,33.541821131702754,184.5417721998419,True,
4,51.0,61.97052789273954,0.601892764357349,1.5950526315789475,0.09138925999692568,33.72291988299474,184.5417721998419,True,
4,52.0,62.30701583436246,0.6085367804275645,1.5950526315789475,0.0918854859454287,33.90602879432407,184.5417721998419,True,
4,53.0,62.64719772298327,0.6151807964977802,1.5950526315789475,0.09238715943640208,34.09114786569073,184.5417721998419,True,
4,54.0,62.99107355860205,0.6218248125679959,1.5950526315789475,0.09289428046984587,34.27827709709475,184.5417721998419,True,
4,55.0,63.33864334121873,0.6284688286382116,1.5950526315789475,0.09340684904576002,34.4674164885361,184.5417721998419,True,
4,56.0,63.68990707083333,0.6351128447084273,1.5950526315789475,0.09392486516414458,34.6585660400148,184.5417721998419,True,
4,57.0,64.04486474744586,0.641756860778643,1.5950526315789475,0.09444832882499951,34.851725751530836,184.5417721998419,True,
4,58.0,64.40351637105628,0.6484008768488587,1.5950526315789475,0.09497724002832483,35.04689562308421,184.5417721998419,True,
4,59.0,64.76586194166464,0.6550448929190743,1.5950526315789475,0.09551159877412053,35.24407565467492,184.5417721998419,True,
4,60.0,65.13190145927094,0.66168890898929,1.5950526315789475,0.09605140506238663,35.443265846302985,184.5417721998419,True,
4,61.0,65.50163492387513,0.6683329250595057,1.5950526315789475,0.0965966588931231,35.644466197968384,184.5417721998419,True,
4,62.0,65.87506233547728,0.6749769411297214,1.5950526315789475,0.09714736026632997,35.847676709671134,184.5417721998419,True,
4,63.0,66.25218369407729,0.681620957199937,1.5950526315789475,0.0977035091820072,36.0528973814112,184.5417721998419,True,
4,64.0,66.63299899967527,0.6882649732701527,1.5950526315789475,0.09826510564015482,36.26012821318862,184.5417721998419,True,
4,65.0,67.01750825227117,0.6949089893403685,1.5950526315789475,0.09883214964077285,36.469369205003396,184.5417721998419,True,
4,66.0,67.40571145186496,0.7015530054105841,1.5950526315789475,0.09940464118386123,36.68062035685549,184.5417721998419,True,
4,67.0,67.7976085984567,0.7081970214807998,1.5950526315789475,0.09998258026942003,36.893881668744946,184.5417721998419,True,
4,68.0,68.19319969204635,0.7148410375510155,1.5950526315789475,0.10056596689744918,37.10915314067173,184.5417721998419,True,
4,69.0,68.59248473263392,0.7214850536212312,1.5950526315789475,0.10115480106794873,37.32643477263586,184.5417721998419,True,
4,70.0,68.9954637202194,0.7281290696914468,1.5950526315789475,0.10174908278091865,37.54572656463732,184.5417721998419,True,
4,71.0,69.40213665480282,0.7347730857616624,1.5950526315789475,0.10234881203635898,37.767028516676135,184.5417721998419,True,
4,72.0,69.81250353638414,0.7414171018318781,1.5950526315789475,0.10295398883426968,37.99034062875228,184.5417721998419,True,
4,73.0,70.2265643649634,0.7480611179020938,1.5950526315789475,0.10356461317465077,38.21566290086577,184.5417721998419,True,
4,74.0,70.64431914054059,0.7547051339723094,1.5950526315789475,0.10418068505750225,38.44299533301661,184.5417721998419,True,
4,75.0,71.06576786311567,0.7613491500425251,1.5950526315789475,0.1048022044828241,38.67233792520478,184.5417721998419,True,
4,76.0,71.49091053268869,0.7679931661127408,1.5950526315789475,0.10542917145061634,38.9036906774303,184.5417721998419,True,
4,77.0,71.91974714925962,0.7746371821829565,1.5950526315789475,0.10606158596087897,39.13705358969315,184.5417721998419,True,
4,78.0,72.35227771282847,0.7812811982531721,1.5950526315789475,0.10669944801361197,39.372426661993345,184.5417721998419,True,
4,79.0,72.78850222339526,0.7879252143233878,1.5950526315789475,0.10734275760881537,39.60980989433089,184.5417721998419,True,
4,80.0,73.22842068095996,0.7945692303936035,1.5950526315789475,0.10799151474648916,39.849203286705766,184.5417721998419,True,
4,81.0,73.67203308552259,0.8012132464638192,1.5950526315789475,0.10864571942663331,40.09060683911799,184.5417721998419,True,
4,82.0,74.11933943708313,0.8078572625340349,1.5950526315789475,0.10930537164924786,40.33402055156755,184.5417721998419,True,
4,83.0,74.57033973564157,0.8145012786042505,1.5950526315789475,0.10997047141433279,40.579444424054444,184.5417721998419,True,
4,84.0,75.02503398119796,0.8211452946744662,1.5950526315789475,0.11064101872188811,40.82687845657869,184.5417721998419,True,
4,85.0,75.48342217375226,0.8277893107446819,1.5950526315789475,0.11131701357191381,41.07632264914027,184.5417721998419,True,
4,86.0,75.9455043133045,0.8344333268148976,1.5950526315789475,0.11199845596440991,41.3277770017392,184.5417721998419,True,
4,87.0,76.41128039985463,0.8410773428851132,1.5950526315789475,0.11268534589937636,41.58124151437546,184.5417721998419,True,
4,88.0,76.8807504334027,0.847721358955329,1.5950526315789475,0.11337768337681323,41.83671618704907,184.5417721998419,True,
4,89.0,77.35391441394869,0.8543653750255445,1.5950526315789475,0.11407546839672046,42.09420101976002,184.5417721998419,True,
4,90.0,77.83077234149259,0.8610093910957602,1.5950526315789475,0.11477870095909809,42.35369601250831,184.5417721998419,True,
4,91.0,78.31132421603441,0.8676534071659758,1.5950526315789475,0.11548738106394608,42.61520116529393,184.5417721998419,True,
4,92.0,78.79557003757415,0.8742974232361915,1.5950526315789475,0.11620150871126447,42.8787164781169,184.5417721998419,True,
4,93.0,79.28350980611184,0.8809414393064072,1.5950526315789475,0.11692108390105327,43.14424195097722,184.5417721998419,True,
4,94.0,79.77514352164742,0.8875854553766229,1.5950526315789475,0.11764610663331243,43.41177758387487,184.5417721998419,True,
4,95.0,80.27047118418093,0.8942294714468385,1.5950526315789475,0.11837657690804196,43.681323376809864,184.5417721998419,True,
4,96.0,80.76949279371236,0.9008734875170542,1.5950526315789475,0.11911249472524191,43.9528793297822,184.5417721998419,True,
4,97.0,81.27220835024173,0.9075175035872699,1.5950526315789475,0.11985386008491222,44.22644544279188,184.5417721998419,True,
4,98.0,81.77861785376899,0.9141615196574856,1.5950526315789475,0.12060067298705293,44.50202171583889,184.5417721998419,True,
4,99.0,82.28872130429419,0.9208055357277012,1.5950526315789475,0.121352933431664,44.77960814892325,184.5417721998419,True,
4,100.0,82.80251870181729,0.9274495517979169,1.5950526315789475,0.12211064141874547,45.05920474204495,184.5417721998419,True,
4,101.0,83.32001004633834,0.9340935678681326,1.5950526315789475,0.12287379694829734,45.340811495203994,184.5417721998419,True,
4,102.0,83.8411953378573,0.9407375839383483,1.5950526315789475,0.12364240002031957,45.62442840840038,184.5417721998419,True,
4,103.0,84.36607457637416,0.947381600008564,1.5950526315789475,0.12441645063481219,45.91005548163409,184.5417721998419,True,
4,104.0,84.89464776188898,0.9540256160787798,1.5950526315789475,0.1251959487917752,46.19769271490516,184.5417721998419,True,
4,105.0,85.4269148944017,0.9606696321489954,1.5950526315789475,0.1259808944912086,46.48734010821357,184.5417721998419,True,
4,106.0,85.96287597391235,0.9673136482192111,1.5950526315789475,0.1267712877331124,46.778997661559316,184.5417721998419,True,
4,107.0,86.5025310004209,0.9739576642894268,1.5950526315789475,0.12756712851748656,47.0726653749424,184.5417721998419,True,
4,108.0,87.04587997392738,0.9806016803596425,1.5950526315789475,0.1283684168443311,47.36834324836283,184.5417721998419,True,
4,109.0,87.59292289443178,0.987245696429858,1.5950526315789475,0.12917515271364602,47.666031281820594,184.5417721998419,True,
4,110.0,88.1436597619341,0.9938897125000737,1.5950526315789475,0.12998733612543134,47.965729475315705,184.5417721998419,True,
4,111.0,88.69809057643434,1.0005337285702893,1.5950526315789475,0.13080496707968703,48.26743782884815,184.5417721998419,True,
4,112.0,89.25621533793252,1.007177744640505,1.5950526315789475,0.1316280455764131,48.57115634241795,184.5417721998419,True,
4,113.0,89.8180340464286,1.0138217607107207,1.5950526315789475,0.1324565716156096,48.87688501602508,184.5417721998419,True,
4,114.0,90.3835467019226,1.0204657767809364,1.5950526315789475,0.13329054519727643,49.18462384966955,184.5417721998419,True,
4,115.0,90.95275330441454,1.0271097928511521,1.5950526315789475,0.1341299663214137,49.49437284335137,184.5417721998419,True,
4,116.0,91.52565385390437,1.0337538089213678,1.5950526315789475,0.13497483498802132,49.80613199707052,184.5417721998419,True,
4,117.0,92.10224835039216,1.0403978249915835,1.5950526315789475,0.13582515119709931,50.119901310827025,184.5417721998419,True,
4,118.0,92.68253679387784,1.0470418410617992,1.5950526315789475,0.1366809149486477,50.43568078462086,184.5417721998419,True,
4,119.0,93.26651918436148,1.053685857132015,1.5950526315789475,0.1375421262426665,50.75347041845205,184.5417721998419,True,
4,120.0,93.85419552184297,1.0603298732022304,1.5950526315789475,0.13840878507915563,51.07327021232055,184.5417721998419,True,
5,0.0,53.06309771295207,0.2630479447763494,1.5950526315789475,0.06260262609380682,23.10056284838658,184.5417721998419,True,
5,1.0,53.210824962981235,0.26836315763252194,1.5950526315789475,0.06277691131641991,23.164874635123542,184.5417721998419,True,
5,2.0,53.36150737060873,0.27367837048869453,1.5950526315789475,0.06295468296621404,23.2304729242844,184.5417721998419,True,
5,3.0,53.51514493583458,0.278993583344867,1.5950526315789475,0.06313594104318923,23.297357715869165,184.5417721998419,True,
5,4.0,53.67173765865874,0.2843087962010396,1.5950526315789475,0.06332068554734546,23.36552900987782,184.5417721998419,True,
5,5.0,53.83128553908126,0.28962400905721214,1.5950526315789475,0.06350891647868273,23.434986806310377,184.5417721998419,True,
5,6.0,53.99378857710209,0.2949392219133846,1.5950526315789475,0.06370063383720104,23.505731105166824,184.5417721998419,True,
5,7.0,54.159246772721275,0.3002544347695572,1.5950526315789475,0.06389583762290041,23.57776190644718,184.5417721998419,True,
5,8.0,54.3276601259388,0.30556964762572975,1.5950526315789475,0.06409452783578082,23.65107921015143,184.5417721998419,True,
5,9.0,54.499028636754645,0.3108848604819023,1.5950526315789475,0.06429670447584228,23.72568301627958,184.5417721998419,True,
5,10.0,54.67335230516885,0.3162000733380748,1.5950526315789475,0.06450236754308479,23.80157332483163,184.5417721998419,True,
5,11.0,54.850631131181366,0.32151528619424735,1.5950526315789475,0.06471151703750834,23.87875013580757,184.5417721998419,True,
5,12.0,55.03086511479224,0.3268304990504199,1.5950526315789475,0.06492415295911294,23.95721344920742,184.5417721998419,True,
5,13.0,55.21405425600143,0.3321457119065924,1.5950526315789475,0.06514027530789857,24.036963265031154,184.5417721998419,True,
5,14.0,55.40019855480898,0.337460924762765,1.5950526315789475,0.06535988408386527,24.1179995832788,184.5417721998419,True,
5,15.0,55.58929801121485,0.34277613761893755,1.5950526315789475,0.065582979287013,24.200322403950334,184.5417721998419,True,
5,16.0,55.781352625219064,0.3480913504751101,1.5950526315789475,0.06580956091734178,24.283931727045772,184.5417721998419,True,
5,17.0,55.97636239682162,0.3534065633312826,1.5950526315789475,0.0660396289748516,24.368827552565108,184.5417721998419,True,
5,18.0,56.1743273260225,0.35872177618745515,1.5950526315789475,0.06627318345954247,24.45500988050834,184.5417721998419,True,
5,19.0,56.37524741282172,0.36403698904362775,1.5950526315789475,0.0665102243714144,24.54247871087547,184.5417721998419,True,
5,20.0,56.57912265721928,0.3693522018998002,1.5950526315789475,0.06675075171046736,24.631234043666502,184.5417721998419,True,
5,21.0,56.785953059215174,0.37466741475597276,1.5950526315789475,0.06699476547670137,24.72127587888143,184.5417721998419,True,
5,22.0,56.995738618809405,0.3799826276121453,1.5950526315789475,0.06724226567011643,24.812604216520253,184.5417721998419,True,
5,23.0,57.208479336001986,0.3852978404683179,1.5950526315789475,0.06749325229071254,24.905219056582983,184.5417721998419,True,
5,24.0,57.42417521079288,0.3906130533244904,1.5950526315789475,0.06774772533848969,24.999120399069604,184.5417721998419,True,
5,25.0,57.64282624318212,0.39592826618066296,1.5950526315789475,0.06800568481344788,25.09430824398012,184.5417721998419,True,
5,26.0,57.8644324331697,0.40124347903683544,1.5950526315789475,0.06826713071558713,25.19078259131454,184.5417721998419,True,
5,27.0,58.08899378075562,0.4065586918930081,1.5950526315789475,0.06853206304490742,25.28854344107286,184.5417721998419,True,
5,28.0,58.31651028593987,0.41187390474918056,1.5950526315789475,0.06880048180140874,25.387590793255075,184.5417721998419,True,
5,29.0,58.54698194872247,0.4171891176053531,1.5950526315789475,0.06907238698509113,25.487924647861192,184.5417721998419,True,
5,30.0,58.78040876910338,0.42250433046152563,1.5950526315789475,0.06934777859595455,25.5895450048912,184.5417721998419,True,
5,31.0,59.016790747082645,0.4278195433176982,1.5950526315789475,0.06962665663399903,25.69245186434511,184.5417721998419,True,
5,32.0,59.25612788266025,0.43313475617387076,1.5950526315789475,0.06990902109922455,25.79664522622292,184.5417721998419,True,
5,33.0,59.49842017583617,0.43844996903004324,1.5950526315789475,0.0701948719916311,25.902125090524624,184.5417721998419,True,
5,34.0,59.74366762661046,0.44376518188621583,1.5950526315789475,0.07048420931121872,26.008891457250236,184.5417721998419,True,
5,35.0,59.99187023498307,0.4490803947423883,1.5950526315789475,0.07077703305798738,26.116944326399736,184.5417721998419,True,
5,36.0,60.243028000954,0.4543956075985609,1.5950526315789475,0.07107334323193708,26.226283697973134,184.5417721998419,True,
5,37.0,60.4971409245233,0.4597108204547335,1.5950526315789475,0.07137313983306784,26.33690957197044,184.5417721998419,True,
5,38.0,60.7542090056909,0.4650260333109059,1.5950526315789475,0.07167642286137962,26.448821948391636,184.5417721998419,True,
5,39.0,61.01423224445687,0.47034124616707856,1.5950526315789475,0.07198319231687247,26.562020827236733,184.5417721998419,True,
5,40.0,61.27721064082115,0.4756564590232511,1.5950526315789475,0.07229344819954636,26.676506208505728,184.5417721998419,True,
5,41.0,61.543144194783785,0.4809716718794236,1.5950526315789475,0.07260719050940129,26.792278092198618,184.5417721998419,True,
5,42.0,61.812032906344754,0.48628688473559617,1.5950526315789475,0.07292441924643726,26.90933647831541,184.5417721998419,True,
5,43.0,62.083876775504045,0.4916020975917686,1.5950526315789475,0.07324513441065428,27.027681366856097,184.5417721998419,True,
5,44.0,62.35867580226169,0.49691731044794124,1.5950526315789475,0.07356933600205237,27.14731275782069,184.5417721998419,True,
5,45.0,62.63642998661766,0.5022325233041137,1.5950526315789475,0.07389702402063147,27.26823065120917,184.5417721998419,True,
5,46.0,62.91713932857198,0.5075477361602864,1.5950526315789475,0.07422819846639164,27.39043504702156,184.5417721998419,True,
5,47.0,63.20080382812464,0.5128629490164589,1.5950526315789475,0.07456285933933286,27.513925945257846,184.5417721998419,True,
5,48.0,63.487423485275606,0.5181781618726313,1.5950526315789475,0.0749010066394551,27.63870334591802,184.5417721998419,True,
5,49.0,63.776998300024935,0.523493374728804,1.5950526315789475,0.07524264036675841,27.7647672490021,184.5417721998419,True,
5,50.0,64.06952827237257,0.5288085875849764,1.5950526315789475,0.07558776052124276,27.892117654510074,184.5417721998419,True,
5,51.0,64.36501340231857,0.534123800441149,1.5950526315789475,0.07593636710290816,28.02075456244195,184.5417721998419,True,
5,52.0,64.66345368986292,0.5394390132973216,1.5950526315789475,0.07628846011175461,28.15067797279773,184.5417721998419,True,
5,53.0,64.96484913500558,0.544754226153494,1.5950526315789475,0.07664403954778208,28.281887885577397,184.5417721998419,True,
5,54.0,65.26919973774658,0.5500694390096666,1.5950526315789475,0.07700310541099062,28.414384300780966,184.5417721998419,True,
5,55.0,65.57650549808592,0.5553846518658392,1.5950526315789475,0.0773656577013802,28.548167218408437,184.5417721998419,True,
5,56.0,65.8867664160236,0.5606998647220117,1.5950526315789475,0.07773169641895082,28.683236638459807,184.5417721998419,True,
5,57.0,66.19998249155964,0.5660150775781844,1.5950526315789475,0.0781012215637025,28.819592560935074,184.5417721998419,True,
5,58.0,66.51615372469396,0.5713302904343567,1.5950526315789475,0.0784742331356352,28.95723498583423,184.5417721998419,True,
5,59.0,66.83528011542666,0.5766455032905293,1.5950526315789475,0.07885073113474897,29.09616391315729,184.5417721998419,True,
5,60.0,67.1573616637577,0.5819607161467019,1.5950526315789475,0.07923071556104379,29.236379342904257,184.5417721998419,True,
5,61.0,67.48239836968706,0.5872759290028744,1.5950526315789475,0.07961418641451964,29.377881275075115,184.5417721998419,True,
5,62.0,67.81039023321476,0.592591141859047,1.5950526315789475,0.08000114369517655,29.520669709669875,184.5417721998419,True,
5,63.0,68.14133725434078,0.5979063547152195,1.5950526315789475,0.0803915874030145,29.664744646688526,184.5417721998419,True,
5,64.0,68.47523943306516,0.6032215675713921,1.5950526315789475,0.0807855175380335,29.81010608613108,184.5417721998419,True,
5,65.0,68.81209676938786,0.6085367804275645,1.5950526315789475,0.08118293410023353,29.95675402799753,184.5417721998419,True,
5,66.0,69.15190926330891,0.6138519932837371,1.5950526315789475,0.08158383708961461,30.10468847228788,184.5417721998419,True,
5,67.0,69.49467691482829,0.6191672061399097,1.5950526315789475,0.08198822650617675,30.253909419002127,184.5417721998419,True,
5,68.0,69.840399723946,0.6244824189960821,1.5950526315789475,0.08239610234991993,30.40441686814027,184.5417721998419,True,
5,69.0,70.18907769066206,0.6297976318522548,1.5950526315789475,0.08280746462084415,30.55621081970232,184.5417721998419,True,
5,70.0,70.54071081497645,0.6351128447084273,1.5950526315789475,0.08322231331894941,30.709291273688255,184.5417721998419,True,
5,71.0,70.89529909688918,0.6404280575645999,1.5950526315789475,0.08364064844423574,30.8636582300981,184.5417721998419,True,
5,72.0,71.25284253640025,0.6457432704207724,1.5950526315789475,0.08406246999670311,31.01931168893184,184.5417721998419,True,
5,73.0,71.61334113350965,0.6510584832769448,1.5950526315789475,0.0844877779763515,31.176251650189474,184.5417721998419,True,
5,74.0,71.97679488821738,0.6563736961331175,1.5950526315789475,0.08491657238318097,31.33447811387101,184.5417721998419,True,
5,75.0,72.34320380052345,0.66168890898929,1.5950526315789475,0.08534885321719146,31.493991079976443,184.5417721998419,True,
5,76.0,72.71256787042786,0.6670041218454625,1.5950526315789475,0.085784620478383,31.654790548505773,184.5417721998419,True,
5,77.0,73.0848870979306,0.6723193347016351,1.5950526315789475,0.0862238741667556,31.816876519459004,184.5417721998419,True,
5,78.0,73.46016148303171,0.6776345475578076,1.5950526315789475,0.08666661428230925,31.980248992836138,184.5417721998419,True,
5,79.0,73.83839102573113,0.6829497604139803,1.5950526315789475,0.08711284082504395,32.14490796863716,184.5417721998419,True,
5,80.0,74.21957572602889,0.6882649732701527,1.5950526315789475,0.08756255379495967,32.31085344686209,184.5417721998419,True,
5,81.0,74.60371558392498,0.6935801861263252,1.5950526315789475,0.08801575319205644,32.47808542751091,184.5417721998419,True,
5,82.0,74.99081059941939,0.6988953989824978,1.5950526315789475,0.08847243901633425,32.64660391058363,184.5417721998419,True,
5,83.0,75.38086077251218,0.7042106118386704,1.5950526315789475,0.08893261126779314,32.816408896080254,184.5417721998419,True,
5,84.0,75.77386610320328,0.7095258246948428,1.5950526315789475,0.08939626994643304,32.98750038400077,184.5417721998419,True,
5,85.0,76.16982659149274,0.7148410375510155,1.5950526315789475,0.08986341505225402,33.15987837434519,184.5417721998419,True,
5,86.0,76.56874223738049,0.7201562504071879,1.5950526315789475,0.09033404658525601,33.3335428671135,184.5417721998419,True,
5,87.0,76.97061304086662,0.7254714632633604,1.5950526315789475,0.09080816454543908,33.50849386230571,184.5417721998419,True,
5,88.0,77.37543900195108,0.7307866761195331,1.5950526315789475,0.09128576893280319,33.68473135992183,184.5417721998419,True,
5,89.0,77.78322012063386,0.7361018889757056,1.5950526315789475,0.09176685974734833,33.862255359961836,184.5417721998419,True,
5,90.0,78.19395639691498,0.7414171018318781,1.5950526315789475,0.09225143698907452,34.04106586242575,184.5417721998419,True,
5,91.0,78.60764783079445,0.7467323146880506,1.5950526315789475,0.09273950065798175,34.22116286731355,184.5417721998419,True,
5,92.0,79.02429442227223,0.7520475275442231,1.5950526315789475,0.09323105075407004,34.40254637462525,184.5417721998419,True,
5,93.0,79.4438961713484,0.7573627404003958,1.5950526315789475,0.09372608727733939,34.58521638436086,184.5417721998419,True,
5,94.0,79.86645307802286,0.7626779532565684,1.5950526315789475,0.09422461022778977,34.76917289652037,184.5417721998419,True,
5,95.0,80.29196514229564,0.7679931661127408,1.5950526315789475,0.09472661960542117,34.95441591110375,184.5417721998419,True,
5,96.0,80.72043236416678,0.7733083789689132,1.5950526315789475,0.09523211541023363,35.140945428111046,184.5417721998419,True,
5,97.0,81.15185474363626,0.7786235918250859,1.5950526315789475,0.09574109764222716,35.32876144754224,184.5417721998419,True,
5,98.0,81.58623228070411,0.7839388046812585,1.5950526315789475,0.09625356630140174,35.51786396939735,184.5417721998419,True,
5,99.0,82.02356497537026,0.7892540175374311,1.5950526315789475,0.09676952138775734,35.70825299367634,184.5417721998419,True,
5,100.0,82.46385282763475,0.7945692303936035,1.5950526315789475,0.09728896290129399,35.89992852037923,184.5417721998419,True,
5,101.0,82.90709583749758,0.7998844432497761,1.5950526315789475,0.0978118908420117,36.092890549506016,184.5417721998419,True,
5,102.0,83.35329400495873,0.8051996561059486,1.5950526315789475,0.09833830520991044,36.2871390810567,184.5417721998419,True,
5,103.0,83.80244733001824,0.8105148689621212,1.5950526315789475,0.09886820600499023,36.48267411503129,184.5417721998419,True,
5,104.0,84.25455581267609,0.8158300818182938,1.5950526315789475,0.09940159322725108,36.679495651429775,184.5417721998419,True,
5,105.0,84.70961945293226,0.8211452946744662,1.5950526315789475,0.09993846687669294,36.87760369025215,184.5417721998419,True,
5,106.0,85.16763825078677,0.8264605075306388,1.5950526315789475,0.10047882695331589,37.076998231498436,184.5417721998419,True,
5,107.0,85.62861220623961,0.8317757203868112,1.5950526315789475,0.10102267345711985,37.27767927516861,184.5417721998419,True,
5,108.0,86.0925413192908,0.8370909332429839,1.5950526315789475,0.10157000638810489,37.47964682126269,184.5417721998419,True,
5,109.0,86.55942558994033,0.8424061460991564,1.5950526315789475,0.10212082574627096,37.68290086978067,184.5417721998419,True,
5,110.0,87.02926501818818,0.847721358955329,1.5950526315789475,0.10267513153161807,37.88744142072254,184.5417721998419,True,
5,111.0,87.50205960403436,0.8530365718115015,1.5950526315789475,0.10323292374414622,38.093268474088305,184.5417721998419,True,
5,112.0,87.97780934747891,0.8583517846676741,1.5950526315789475,0.10379420238385545,38.30038202987798,184.5417721998419,True,
5,113.0,88.45651424852178,0.8636669975238468,1.5950526315789475,0.10435896745074572,38.50878208809155,184.5417721998419,True,
5,114.0,88.93817430716297,0.8689822103800191,1.5950526315789475,0.10492721894481699,38.71846864872901,184.5417721998419,True,
5,115.0,89.4227895234025,0.8742974232361915,1.5950526315789475,0.10549895686606932,38.92944171179037,184.5417721998419,True,
5,116.0,89.9103598972404,0.8796126360923642,1.5950526315789475,0.10607418121450272,39.14170127727564,184.5417721998419,True,
5,117.0,90.40088542867662,0.8849278489485368,1.5950526315789475,0.10665289199011717,39.3552473451848,184.5417721998419,True,
5,118.0,90.89436611771117,0.8902430618047095,1.5950526315789475,0.10723508919291268,39.570079915517866,184.5417721998419,True,
5,119.0,91.39080196434405,0.8955582746608819,1.5950526315789475,0.1078207728228892,39.78619898827482,184.5417721998419,True,
5,120.0,91.89019296857525,0.9008734875170542,1.5950526315789475,0.10840994288004674,40.00360456345566,184.5417721998419,True,
6,0.0,56.41837883669031,0.2630479447763494,1.5950526315789475,0.05546759153034337,20.467713004168882,184.5417721998419,True,
6,1.0,56.565859823586294,0.26747728882315985,1.5950526315789475,0.0556125871028556,20.521216819336917,184.5417721998419,True,
6,2.0,56.7158034418142,0.27190663286997035,1.5950526315789475,0.05576000380535466,20.57561403896599,184.5417721998419,True,
6,3.0,56.868209691374076,0.2763359769167808,1.5950526315789475,0.05590984163784056,20.630904663056103,184.5417721998419,True,
6,4.0,57.02307857226587,0.2807653209635912,1.5950526315789475,0.05606210060031329,20.68708869160725,184.5417721998419,True,
6,5.0,57.18041008448963,0.2851946650104017,1.5950526315789475,0.05621678069277287,20.744166124619447,184.5417721998419,True,
6,6.0,57.34020422804534,0.28962400905721214,1.5950526315789475,0.056373881915219276,20.802136962092682,184.5417721998419,True,
6,7.0,57.50246100293298,0.29405335310402253,1.5950526315789475,0.05653340426765253,20.861001204026955,184.5417721998419,True,
6,8.0,57.66718040915257,0.29848269715083303,1.5950526315789475,0.056695347750072615,20.920758850422267,184.5417721998419,True,
6,9.0,57.83436244670413,0.3029120411976435,1.5950526315789475,0.05685971236247954,20.981409901278624,184.5417721998419,True,
6,10.0,58.00400711558762,0.3073413852444539,1.5950526315789475,0.0570264981048733,21.04295435659602,184.5417721998419,True,
6,11.0,58.176114415803056,0.31177072929126437,1.5950526315789475,0.0571957049772539,21.105392216374455,184.5417721998419,True,
6,12.0,58.35068434735044,0.3162000733380748,1.5950526315789475,0.057367332979621335,21.16872348061393,184.5417721998419,True,
6,13.0,58.52771691022978,0.32062941738488526,1.5950526315789475,0.05754138211197561,21.23294814931445,184.5417721998419,True,
6,14.0,58.70721210444107,0.32505876143169576,1.5950526315789475,0.05771785237431673,21.29806622247601,184.5417721998419,True,
6,15.0,58.88916992998429,0.3294881054785062,1.5950526315789475,0.05789674376664468,21.364077700098605,184.5417721998419,True,
6,16.0,59.07359038685945,0.3339174495253166,1.5950526315789475,0.058078056288959456,21.43098258218224,184.5417721998419,True,
6,17.0,59.2604734750666,0.3383467935721271,1.5950526315789475,0.05826178994126109,21.498780868726925,184.5417721998419,True,
6,18.0,59.449819194605666,0.34277613761893755,1.5950526315789475,0.058447944723549555,21.567472559732643,184.5417721998419,True,
6,19.0,59.64162754547667,0.347205481665748,1.5950526315789475,0.05863652063582485,21.6370576551994,184.5417721998419,True,
6,20.0,59.83589852767964,0.3516348257125585,1.5950526315789475,0.05882751767808699,21.7075361551272,184.5417721998419,True,
6,21.0,60.03263214121455,0.3560641697593689,1.5950526315789475,0.059020935850335965,21.77890805951604,184.5417721998419,True,
6,22.0,60.23182838608142,0.36049351380617933,1.5950526315789475,0.059216775152571774,21.851173368365924,184.5417721998419,True,
6,23.0,60.43348726228021,0.36492285785298983,1.5950526315789475,0.059415035584794426,21.924332081676845,184.5417721998419,True,
6,24.0,60.637608769810974,0.3693522018998002,1.5950526315789475,0.059615717147003915,21.998384199448807,184.5417721998419,True,
6,25.0,60.844192908673676,0.3737815459466108,1.5950526315789475,0.059818819839200246,22.07332972168181,184.5417721998419,True,
6,26.0,61.05323967886831,0.37821088999342106,1.5950526315789475,0.0600243436613834,22.14916864837585,184.5417721998419,True,
6,27.0,61.264749080394914,0.3826402340402316,1.5950526315789475,0.060232288613553404,22.225900979530934,184.5417721998419,True,
6,28.0,61.478721113253464,0.3870695780870421,1.5950526315789475,0.06044265469571025,22.30352671514706,184.5417721998419,True,
6,29.0,61.69515577744395,0.3914989221338525,1.5950526315789475,0.06065544190785392,22.382045855224224,184.5417721998419,True,
6,30.0,61.91405307296639,0.39592826618066296,1.5950526315789475,0.060870650249984434,22.461458399762428,184.5417721998419,True,
6,31.0,62.13541299982077,0.40035761022747346,1.5950526315789475,0.06108827972210179,22.541764348761674,184.5417721998419,True,
6,32.0,62.35923555800709,0.40478695427428385,1.5950526315789475,0.061308330324205976,22.62296370222196,184.5417721998419,True,
6,33.0,62.58552074752537,0.4092162983210943,1.5950526315789475,0.061530802056297,22.705056460143282,184.5417721998419,True,
6,34.0,62.8142685683756,0.4136456423679048,1.5950526315789475,0.06175569491837486,22.78804262252565,184.5417721998419,True,
6,35.0,63.04547902055778,0.4180749864147152,1.5950526315789475,0.06198300891043956,22.87192218936906,184.5417721998419,True,
6,36.0,63.27915210407189,0.42250433046152563,1.5950526315789475,0.0622127440324911,22.956695160673505,184.5417721998419,True,
6,37.0,63.51528781891796,0.42693367450833614,1.5950526315789475,0.06244490028452948,23.042361536438992,184.5417721998419,True,
6,38.0,63.75388616509597,0.4313630185551465,1.5950526315789475,0.0626794776665547,23.128921316665522,184.5417721998419,True,
6,39.0,63.99494714260594,0.435792362601957,1.5950526315789475,0.06291647617856674,23.21637450135309,184.5417721998419,True,
6,40.0,64.23847075144784,0.4402217066487675,1.5950526315789475,0.06315589582056563,23.304721090501697,184.5417721998419,True,
6,41.0,64.4844569916217,0.44465105069557787,1.5950526315789475,0.06339773659255137,23.39396108411135,184.5417721998419,True,
6,42.0,64.7329058631275,0.4490803947423883,1.5950526315789475,0.06364199849452393,23.48409448218204,184.5417721998419,True,
6,43.0,64.98381736596527,0.4535097387891988,1.5950526315789475,0.06388868152648333,23.575121284713774,184.5417721998419,True,
6,44.0,65.23719150013495,0.4579390828360092,1.5950526315789475,0.06413778568842957,23.66704149170654,184.5417721998419,True,
6,45.0,65.4930282656366,0.46236842688281965,1.5950526315789475,0.06438931098036264,23.75985510316035,184.5417721998419,True,
6,46.0,65.75132766247019,0.4667977709296302,1.5950526315789475,0.06464325740228256,23.853562119075207,184.5417721998419,True,
6,47.0,66.01208969063573,0.4712271149764406,1.5950526315789475,0.06489962495418931,23.948162539451097,184.5417721998419,True,
6,48.0,66.27531435013321,0.4756564590232511,1.5950526315789475,0.0651584136360829,24.043656364288033,184.5417721998419,True,
6,49.0,66.54100164096265,0.48008580307006155,1.5950526315789475,0.06541962344796333,24.140043593586004,184.5417721998419,True,
6,50.0,66.80915156312403,0.48451514711687194,1.5950526315789475,0.0656832543898306,24.237324227345017,184.5417721998419,True,
6,51.0,67.07976411661735,0.48894449116368244,1.5950526315789475,0.0659493064616847,24.335498265565075,184.5417721998419,True,
6,52.0,67.35283930144263,0.4933738352104929,1.5950526315789475,0.06621777966352564,24.434565708246165,184.5417721998419,True,
6,53.0,67.62837711759985,0.4978031792573033,1.5950526315789475,0.06648867399535341,24.5345265553883,184.5417721998419,True,
6,54.0,67.90637756508902,0.5022325233041137,1.5950526315789475,0.06676198945716803,24.635380806991478,184.5417721998419,True,
6,55.0,68.18684064391013,0.5066618673509242,1.5950526315789475,0.06703772604896949,24.737128463055694,184.5417721998419,True,
6,56.0,68.46976635406321,0.5110912113977346,1.5950526315789475,0.06731588377075778,24.839769523580955,184.5417721998419,True,
6,57.0,68.75515469554823,0.5155205554445451,1.5950526315789475,0.06759646262253291,24.94330398856725,184.5417721998419,True,
6,58.0,69.04300566836518,0.5199498994913556,1.5950526315789475,0.06787946260429487,25.047731858014586,184.5417721998419,True,
6,59.0,69.33331927251409,0.524379243538166,1.5950526315789475,0.06816488371604368,25.153053131922967,184.5417721998419,True,
6,60.0,69.62609550799493,0.5288085875849764,1.5950526315789475,0.06845272595777932,25.259267810292382,184.5417721998419,True,
6,61.0,69.92133437480773,0.5332379316317869,1.5950526315789475,0.06874298932950179,25.36637589312284,184.5417721998419,True,
6,62.0,70.21903587295246,0.5376672756785973,1.5950526315789475,0.06903567383121109,25.47437738041433,184.5417721998419,True,
6,63.0,70.51920000242914,0.5420966197254078,1.5950526315789475,0.06933077946290725,25.583272272166873,184.5417721998419,True,
6,64.0,70.82182676323784,0.5465259637722183,1.5950526315789475,0.06962830622459026,25.693060568380464,184.5417721998419,True,
6,65.0,71.1269161553784,0.5509553078190287,1.5950526315789475,0.06992825411626008,25.80374226905508,184.5417721998419,True,
6,66.0,71.43446817885095,0.5553846518658392,1.5950526315789475,0.07023062313791675,25.915317374190746,184.5417721998419,True,
6,67.0,71.74448283365543,0.5598139959126497,1.5950526315789475,0.07053541328956026,26.027785883787445,184.5417721998419,True,
6,68.0,72.05696011979187,0.5642433399594601,1.5950526315789475,0.07084262457119059,26.141147797845186,184.5417721998419,True,
6,69.0,72.37190003726025,0.5686726840062706,1.5950526315789475,0.07115225698280778,26.255403116363972,184.5417721998419,True,
6,70.0,72.68930258606058,0.573102028053081,1.5950526315789475,0.0714643105244118,26.370551839343797,184.5417721998419,True,
6,71.0,73.00916776619285,0.5775313720998915,1.5950526315789475,0.07177878519600264,26.486593966784657,184.5417721998419,True,
6,72.0,73.33149557765707,0.5819607161467019,1.5950526315789475,0.07209568099758035,26.603529498686566,184.5417721998419,True,
6,73.0,73.65628602045322,0.5863900601935124,1.5950526315789475,0.07241499792914487,26.721358435049506,184.5417721998419,True,
6,74.0,73.98353909458133,0.5908194042403228,1.5950526315789475,0.07273673599069623,26.84008077587349,184.5417721998419,True,
6,75.0,74.31325480004139,0.5952487482871333,1.5950526315789475,0.07306089518223444,26.959696521158513,184.5417721998419,True,
6,76.0,74.64543313683342,0.5996780923339438,1.5950526315789475,0.07338747550375949,27.080205670904583,184.5417721998419,True,
6,77.0,74.98007410495737,0.6041074363807541,1.5950526315789475,0.07371647695527137,27.201608225111688,184.5417721998419,True,
6,78.0,75.31717770441327,0.6085367804275645,1.5950526315789475,0.07404789953677007,27.323904183779835,184.5417721998419,True,
6,79.0,75.65674393520112,0.612966124474375,1.5950526315789475,0.07438174324825564,27.447093546909024,184.5417721998419,True,
6,80.0,75.99877279732091,0.6173954685211854,1.5950526315789475,0.07471800808972802,27.571176314499247,184.5417721998419,True,
6,81.0,76.34326429077265,0.6218248125679959,1.5950526315789475,0.07505669406118726,27.696152486550517,184.5417721998419,True,
6,82.0,76.69021841555634,0.6262541566148064,1.5950526315789475,0.07539780116263332,27.822022063062825,184.5417721998419,True,
6,83.0,77.03963517167196,0.6306835006616168,1.5950526315789475,0.07574132939406622,27.948785044036168,184.5417721998419,True,
6,84.0,77.39151455911957,0.6351128447084273,1.5950526315789475,0.07608727875548597,28.076441429470563,184.5417721998419,True,
6,85.0,77.74585657789912,0.6395421887552378,1.5950526315789475,0.07643564924689256,28.204991219365997,184.5417721998419,True,
6,86.0,78.1026612280106,0.6439715328020482,1.5950526315789475,0.07678644086828598,28.334434413722466,184.5417721998419,True,
6,87.0,78.46192850945403,0.6484008768488587,1.5950526315789475,0.07713965361966624,28.46477101253998,184.5417721998419,True,
6,88.0,78.8236584222294,0.6528302208956691,1.5950526315789475,0.07749528750103332,28.59600101581853,184.5417721998419,True,
6,89.0,79.1878509663367,0.6572595649424795,1.5950526315789475,0.07785334251238724,28.72812442355811,184.5417721998419,True,
6,90.0,79.55450614177597,0.66168890898929,1.5950526315789475,0.078213818653728,28.861141235758748,184.5417721998419,True,
6,91.0,79.92362394854722,0.6661182530361005,1.5950526315789475,0.07857671592505563,28.995051452420427,184.5417721998419,True,
6,92.0,80.29520438665037,0.6705475970829109,1.5950526315789475,0.07894203432637006,29.129855073543133,184.5417721998419,True,
6,93.0,80.66924745608549,0.6749769411297214,1.5950526315789475,0.07930977385767135,29.265552099126893,184.5417721998419,True,
6,94.0,81.04575315685253,0.6794062851765318,1.5950526315789475,0.07967993451895947,29.402142529171684,184.5417721998419,True,
6,95.0,81.42472148895152,0.6838356292233422,1.5950526315789475,0.08005251631023441,29.539626363677513,184.5417721998419,True,
6,96.0,81.80615245238248,0.6882649732701527,1.5950526315789475,0.08042751923149621,29.67800360264439,184.5417721998419,True,
6,97.0,82.19004604714539,0.6926943173169632,1.5950526315789475,0.08080494328274485,29.81727424607231,184.5417721998419,True,
6,98.0,82.57640227324023,0.6971236613637736,1.5950526315789475,0.0811847884639803,29.957438293961264,184.5417721998419,True,
6,99.0,82.96522113066703,0.7015530054105841,1.5950526315789475,0.08156705477520262,30.09849574631126,184.5417721998419,True,
6,100.0,83.35650261942578,0.7059823494573945,1.5950526315789475,0.08195174221641177,30.240446603122297,184.5417721998419,True,
6,101.0,83.75024673951646,0.7104116935042049,1.5950526315789475,0.08233885078760775,30.383290864394375,184.5417721998419,True,
6,102.0,84.14645349093912,0.7148410375510155,1.5950526315789475,0.08272838048879058,30.5270285301275,184.5417721998419,True,
6,103.0,84.54512287369367,0.7192703815978259,1.5950526315789475,0.08312033131996022,30.671659600321647,184.5417721998419,True,
6,104.0,84.9462548877802,0.7236997256446362,1.5950526315789475,0.08351470328111671,30.817184074976844,184.5417721998419,True,
6,105.0,85.34984953319871,0.7281290696914468,1.5950526315789475,0.08391149637226006,30.963601954093093,184.5417721998419,True,
6,106.0,85.75590680994912,0.7325584137382571,1.5950526315789475,0.08431071059339021,31.110913237670367,184.5417721998419,True,
6,107.0,86.16442671803148,0.7369877577850675,1.5950526315789475,0.08471234594450722,31.259117925708683,184.5417721998419,True,
6,108.0,86.57540925744581,0.7414171018318781,1.5950526315789475,0.08511640242561108,31.40821601820805,184.5417721998419,True,
6,109.0,86.98885442819207,0.7458464458786885,1.5950526315789475,0.08552288003670175,31.558207515168448,184.5417721998419,True,
6,110.0,87.40476223027028,0.7502757899254989,1.5950526315789475,0.08593177877777927,31.70909241658989,184.5417721998419,True,
6,111.0,87.82313266368045,0.7547051339723094,1.5950526315789475,0.08634309864884362,31.860870722472374,184.5417721998419,True,
6,112.0,88.24396572842257,0.75913447801912,1.5950526315789475,0.08675683964989483,32.0135424328159,184.5417721998419,True,
6,113.0,88.6672614244966,0.7635638220659303,1.5950526315789475,0.08717300178093285,32.16710754762045,184.5417721998419,True,
6,114.0,89.09301975190262,0.7679931661127408,1.5950526315789475,0.08759158504195773,32.321566066886064,184.5417721998419,True,
6,115.0,89.52124071064057,0.7724225101595513,1.5950526315789475,0.08801258943296944,32.476917990612705,184.5417721998419,True,
6,116.0,89.95192430071044,0.7768518542063617,1.5950526315789475,0.08843601495396798,32.633163318800385,184.5417721998419,True,
6,117.0,90.38507052211229,0.7812811982531721,1.5950526315789475,0.08886186160495335,32.79030205144911,184.5417721998419,True,
6,118.0,90.82067937484611,0.7857105422999827,1.5950526315789475,0.08929012938592559,32.94833418855888,184.5417721998419,True,
6,119.0,91.25875085891184,0.7901398863467931,1.5950526315789475,0.08972081829688464,33.107259730129684,184.5417721998419,True,
6,120.0,91.69928497430952,0.7945692303936035,1.5950526315789475,0.09015392833783054,33.26707867616153,184.5417721998419,True,
