payload_kg,distance_km,best_n_drones,best_fleet_Wh_per_km,feasible,reason
0.0,2.0,2,42.99725434173732,True,
0.0,4.0,2,42.99725434173732,True,
0.0,6.0,2,42.99725434173732,True,
0.0,8.0,2,42.99725434173732,True,
0.0,10.0,2,42.99725434173732,True,
0.0,12.0,2,42.99725434173732,True,
0.0,14.0,2,42.99725434173732,True,
0.0,16.0,2,42.99725434173732,True,
0.0,18.0,2,42.99725434173732,True,
0.0,20.0,3,46.352535465475576,True,
0.0,22.0,3,46.352535465475576,True,
0.0,24.0,3,46.352535465475576,True,
0.0,26.0,3,46.352535465475576,True,
0.0,28.0,4,49.70781658921383,True,
0.0,30.0,4,49.70781658921383,True,
0.0,32.0,4,49.70781658921383,True,
0.0,34.0,5,53.06309771295207,True,
0.0,36.0,5,53.06309771295207,True,
0.0,38.0,5,53.06309771295207,True,
0.0,40.0,6,56.41837883669031,True,
5.0,2.0,2,43.82085137283531,True,
5.0,4.0,2,43.82085137283531,True,
5.0,6.0,2,43.82085137283531,True,
5.0,8.0,2,43.82085137283531,True,
5.0,10.0,2,43.82085137283531,True,
5.0,12.0,2,43.82085137283531,True,
5.0,14.0,2,43.82085137283531,True,
5.0,16.0,2,43.82085137283531,True,
5.0,18.0,2,43.82085137283531,True,
5.0,20.0,3,47.14534960492421,True,
5.0,22.0,3,47.14534960492421,True,
5.0,24.0,3,47.14534960492421,True,
5.0,26.0,3,47.14534960492421,True,
5.0,28.0,4,50.48523928283781,True,
5.0,30.0,4,50.48523928283781,True,
5.0,32.0,4,50.48523928283781,True,
5.0,34.0,5,53.83128553908126,True,
5.0,36.0,5,53.83128553908126,True,
5.0,38.0,5,53.83128553908126,True,
5.0,40.0,6,57.18041008448963,True,
10.0,2.0,2,44.82914575382934,True,
10.0,4.0,2,44.82914575382934,True,
10.0,6.0,2,44.82914575382934,True,
10.0,8.0,2,44.82914575382934,True,
10.0,10.0,2,44.82914575382934,True,
10.0,12.0,2,44.82914575382934,True,
10.0,14.0,2,44.82914575382934,True,
10.0,16.0,2,44.82914575382934,True,
10.0,18.0,2,44.82914575382934,True,
10.0,20.0,3,48.06129531097023,True,
10.0,22.0,3,48.06129531097023,True,
10.0,24.0,3,48.06129531097023,True,
10.0,26.0,3,48.06129531097023,True,
10.0,28.0,4,51.3550106514098,True,
10.0,30.0,4,51.3550106514098,True,
10.0,32.0,4,51.3550106514098,True,
10.0,34.0,5,54.67335230516885,True,
10.0,36.0,5,54.67335230516885,True,
10.0,38.0,5,54.67335230516885,True,
10.0,40.0,6,58.00400711558762,True,
15.0,2.0,2,46.022137484719416,True,
15.0,4.0,2,46.022137484719416,True,
15.0,6.0,2,46.022137484719416,True,
15.0,8.0,2,46.022137484719416,True,
15.0,10.0,2,46.022137484719416,True,
15.0,12.0,2,46.022137484719416,True,
15.0,14.0,2,46.022137484719416,True,
15.0,16.0,2,46.022137484719416,True,
15.0,18.0,2,46.022137484719416,True,
15.0,20.0,3,49.1003725836136,True,
15.0,22.0,3,49.1003725836136,True,
15.0,24.0,3,49.1003725836136,True,
15.0,26.0,4,52.31713069492982,True,
15.0,28.0,4,52.31713069492982,True,
15.0,30.0,4,52.31713069492982,True,
15.0,32.0,4,52.31713069492982,True,
15.0,34.0,5,55.58929801121485,True,
15.0,36.0,5,55.58929801121485,True,
15.0,38.0,6,58.88916992998429,True,
15.0,40.0,6,58.88916992998429,True,
20.0,2.0,2,47.39982656550552,True,
20.0,4.0,2,47.39982656550552,True,
20.0,6.0,2,47.39982656550552,True,
20.0,8.0,2,47.39982656550552,True,
20.0,10.0,2,47.39982656550552,True,
20.0,12.0,2,47.39982656550552,True,
20.0,14.0,2,47.39982656550552,True,
20.0,16.0,2,47.39982656550552,True,
20.0,18.0,3,50.262581422854325,True,
20.0,20.0,3,50.262581422854325,True,
20.0,22.0,3,50.262581422854325,True,
20.0,24.0,3,50.262581422854325,True,
20.0,26.0,4,53.37159941339787,True,
20.0,28.0,4,53.37159941339787,True,
20.0,30.0,4,53.37159941339787,True,
20.0,32.0,5,56.57912265721928,True,
20.0,34.0,5,56.57912265721928,True,
20.0,36.0,5,56.57912265721928,True,
20.0,38.0,6,59.83589852767964,True,
20.0,40.0,6,59.83589852767964,True,
25.0,2.0,2,48.962212996187674,True,
25.0,4.0,2,48.962212996187674,True,
25.0,6.0,2,48.962212996187674,True,
25.0,8.0,2,48.962212996187674,True,
25.0,10.0,2,48.962212996187674,True,
25.0,12.0,2,48.962212996187674,True,
25.0,14.0,2,48.962212996187674,True,
25.0,16.0,2,48.962212996187674,True,
25.0,18.0,3,51.547921828692424,True,
25.0,20.0,3,51.547921828692424,True,
25.0,22.0,3,51.547921828692424,True,
25.0,24.0,3,51.547921828692424,True,
25.0,26.0,4,54.51841680681392,True,
25.0,28.0,4,54.51841680681392,True,
25.0,30.0,4,54.51841680681392,True,
25.0,32.0,5,57.64282624318212,True,
25.0,34.0,5,57.64282624318212,True,
25.0,36.0,5,57.64282624318212,True,
25.0,38.0,6,60.844192908673676,True,
25.0,40.0,6,60.844192908673676,True,
30.0,2.0,2,50.70929677676587,True,
30.0,4.0,2,50.70929677676587,True,
30.0,6.0,2,50.70929677676587,True,
30.0,8.0,2,50.70929677676587,True,
30.0,10.0,2,50.70929677676587,True,
30.0,12.0,2,50.70929677676587,True,
30.0,14.0,2,50.70929677676587,True,
30.0,16.0,2,50.70929677676587,True,
30.0,18.0,3,52.95639380112788,True,
30.0,20.0,3,52.95639380112788,True,
30.0,22.0,3,52.95639380112788,True,
30.0,24.0,4,55.757582875178,True,
30.0,26.0,4,55.757582875178,True,
30.0,28.0,4,55.757582875178,True,
30.0,30.0,4,55.757582875178,True,
30.0,32.0,5,58.78040876910338,True,
30.0,34.0,5,58.78040876910338,True,
30.0,36.0,6,61.91405307296639,True,
30.0,38.0,6,61.91405307296639,True,
30.0,40.0,6,61.91405307296639,True,
35.0,2.0,2,52.6410779072401,True,
35.0,4.0,2,52.6410779072401,True,
35.0,6.0,2,52.6410779072401,True,
35.0,8.0,2,52.6410779072401,True,
35.0,10.0,2,52.6410779072401,True,
35.0,12.0,2,52.6410779072401,True,
35.0,14.0,2,52.6410779072401,True,
35.0,16.0,2,52.6410779072401,True,
35.0,18.0,3,54.487997340160696,True,
35.0,20.0,3,54.487997340160696,True,
35.0,22.0,3,54.487997340160696,True,
35.0,24.0,4,57.089097618490115,True,
35.0,26.0,4,57.089097618490115,True,
35.0,28.0,4,57.089097618490115,True,
35.0,30.0,5,59.99187023498307,True,
35.0,32.0,5,59.99187023498307,True,
35.0,34.0,5,59.99187023498307,True,
35.0,36.0,6,63.04547902055778,True,
35.0,38.0,6,63.04547902055778,True,
35.0,40.0,6,63.04547902055778,True,
40.0,2.0,2,54.757556387610386,True,
40.0,4.0,2,54.757556387610386,True,
40.0,6.0,2,54.757556387610386,True,
40.0,8.0,2,54.757556387610386,True,
40.0,10.0,2,54.757556387610386,True,
40.0,12.0,2,54.757556387610386,True,
40.0,14.0,2,54.757556387610386,True,
40.0,16.0,3,56.14273244579086,True,
40.0,18.0,3,56.14273244579086,True,
40.0,20.0,3,56.14273244579086,True,
40.0,22.0,3,56.14273244579086,True,
40.0,24.0,4,58.51296103675022,True,
40.0,26.0,4,58.51296103675022,True,
40.0,28.0,4,58.51296103675022,True,
40.0,30.0,5,61.27721064082115,True,
40.0,32.0,5,61.27721064082115,True,
40.0,34.0,5,61.27721064082115,True,
40.0,36.0,6,64.23847075144784,True,
40.0,38.0,6,64.23847075144784,True,
40.0,40.0,0,nan,False,no drone count can carry payload and fly range
45.0,2.0,2,57.058732217876695,True,
45.0,4.0,2,57.058732217876695,True,
45.0,6.0,2,57.058732217876695,True,
45.0,8.0,2,57.058732217876695,True,
45.0,10.0,2,57.058732217876695,True,
45.0,12.0,2,57.058732217876695,True,
45.0,14.0,2,57.058732217876695,True,
45.0,16.0,3,57.920599118018394,True,
45.0,18.0,3,57.920599118018394,True,
45.0,20.0,3,57.920599118018394,True,
45.0,22.0,4,60.02917312995838,True,
45.0,24.0,4,60.02917312995838,True,
45.0,26.0,4,60.02917312995838,True,
45.0,28.0,4,60.02917312995838,True,
45.0,30.0,5,62.63642998661766,True,
45.0,32.0,5,62.63642998661766,True,
45.0,34.0,6,65.4930282656366,True,
45.0,36.0,6,65.4930282656366,True,
45.0,38.0,6,65.4930282656366,True,
45.0,40.0,0,nan,False,no drone count can carry payload and fly range
50.0,2.0,2,59.54460539803906,True,
50.0,4.0,2,59.54460539803906,True,
50.0,6.0,2,59.54460539803906,True,
50.0,8.0,2,59.54460539803906,True,
50.0,10.0,2,59.54460539803906,True,
50.0,12.0,2,59.54460539803906,True,
50.0,14.0,2,59.54460539803906,True,
50.0,16.0,3,59.8215973568433,True,
50.0,18.0,3,59.8215973568433,True,
50.0,20.0,3,59.8215973568433,True,
50.0,22.0,4,61.637733898114554,True,
50.0,24.0,4,61.637733898114554,True,
50.0,26.0,4,61.637733898114554,True,
50.0,28.0,5,64.06952827237257,True,
50.0,30.0,5,64.06952827237257,True,
50.0,32.0,5,64.06952827237257,True,
50.0,34.0,6,66.80915156312403,True,
50.0,36.0,6,66.80915156312403,True,
50.0,38.0,0,nan,False,no drone count can carry payload and fly range
50.0,40.0,0,nan,False,no drone count can carry payload and fly range
55.0,2.0,3,61.84572716226555,True,
55.0,4.0,3,61.84572716226555,True,
55.0,6.0,3,61.84572716226555,True,
55.0,8.0,3,61.84572716226555,True,
55.0,10.0,3,61.84572716226555,True,
55.0,12.0,3,61.84572716226555,True,
55.0,14.0,3,61.84572716226555,True,
55.0,16.0,3,61.84572716226555,True,
55.0,18.0,3,61.84572716226555,True,
55.0,20.0,3,61.84572716226555,True,
55.0,22.0,4,63.33864334121873,True,
55.0,24.0,4,63.33864334121873,True,
55.0,26.0,4,63.33864334121873,True,
55.0,28.0,5,65.57650549808592,True,
55.0,30.0,5,65.57650549808592,True,
55.0,32.0,5,65.57650549808592,True,
55.0,34.0,6,68.18684064391013,True,
55.0,36.0,6,68.18684064391013,True,
55.0,38.0,0,nan,False,no drone count can carry payload and fly range
55.0,40.0,0,nan,False,no drone count can carry payload and fly range
60.0,2.0,3,63.99298853428517,True,
60.0,4.0,3,63.99298853428517,True,
60.0,6.0,3,63.99298853428517,True,
60.0,8.0,3,63.99298853428517,True,
60.0,10.0,3,63.99298853428517,True,
60.0,12.0,3,63.99298853428517,True,
60.0,14.0,3,63.99298853428517,True,
60.0,16.0,3,63.99298853428517,True,
60.0,18.0,3,63.99298853428517,True,
60.0,20.0,4,65.13190145927094,True,
60.0,22.0,4,65.13190145927094,True,
60.0,24.0,4,65.13190145927094,True,
60.0,26.0,5,67.1573616637577,True,
60.0,28.0,5,67.1573616637577,True,
60.0,30.0,5,67.1573616637577,True,
60.0,32.0,6,69.62609550799493,True,
60.0,34.0,6,69.62609550799493,True,
60.0,36.0,6,69.62609550799493,True,
60.0,38.0,0,nan,False,no drone count can carry payload and fly range
60.0,40.0,0,nan,False,no drone count can carry payload and fly range
65.0,2.0,3,66.26338147290215,True,
65.0,4.0,3,66.26338147290215,True,
65.0,6.0,3,66.26338147290215,True,
65.0,8.0,3,66.26338147290215,True,
65.0,10.0,3,66.26338147290215,True,
65.0,12.0,3,66.26338147290215,True,
65.0,14.0,3,66.26338147290215,True,
65.0,16.0,3,66.26338147290215,True,
65.0,18.0,3,66.26338147290215,True,
65.0,20.0,4,67.01750825227117,True,
65.0,22.0,4,67.01750825227117,True,
65.0,24.0,4,67.01750825227117,True,
65.0,26.0,5,68.81209676938786,True,
65.0,28.0,5,68.81209676938786,True,
65.0,30.0,5,68.81209676938786,True,
65.0,32.0,6,71.1269161553784,True,
65.0,34.0,6,71.1269161553784,True,
65.0,36.0,0,nan,False,no drone count can carry payload and fly range
65.0,38.0,0,nan,False,no drone count can carry payload and fly range
65.0,40.0,0,nan,False,no drone count can carry payload and fly range
70.0,2.0,3,68.65690597811647,True,
70.0,4.0,3,68.65690597811647,True,
70.0,6.0,3,68.65690597811647,True,
70.0,8.0,3,68.65690597811647,True,
70.0,10.0,3,68.65690597811647,True,
70.0,12.0,3,68.65690597811647,True,
70.0,14.0,3,68.65690597811647,True,
70.0,16.0,3,68.65690597811647,True,
70.0,18.0,3,68.65690597811647,True,
70.0,20.0,4,68.9954637202194,True,
70.0,22.0,4,68.9954637202194,True,
70.0,24.0,4,68.9954637202194,True,
70.0,26.0,5,70.54071081497645,True,
70.0,28.0,5,70.54071081497645,True,
70.0,30.0,6,72.68930258606058,True,
70.0,32.0,6,72.68930258606058,True,
70.0,34.0,6,72.68930258606058,True,
70.0,36.0,0,nan,False,no drone count can carry payload and fly range
70.0,38.0,0,nan,False,no drone count can carry payload and fly range
70.0,40.0,0,nan,False,no drone count can carry payload and fly range
75.0,2.0,4,71.06576786311567,True,
75.0,4.0,4,71.06576786311567,True,
75.0,6.0,4,71.06576786311567,True,
75.0,8.0,4,71.06576786311567,True,
75.0,10.0,4,71.06576786311567,True,
75.0,12.0,4,71.06576786311567,True,
75.0,14.0,4,71.06576786311567,True,
75.0,16.0,4,71.06576786311567,True,
75.0,18.0,4,71.06576786311567,True,
75.0,20.0,4,71.06576786311567,True,
75.0,22.0,4,71.06576786311567,True,
75.0,24.0,5,72.34320380052345,True,
75.0,26.0,5,72.34320380052345,True,
75.0,28.0,5,72.34320380052345,True,
75.0,30.0,6,74.31325480004139,True,
75.0,32.0,6,74.31325480004139,True,
75.0,34.0,6,74.31325480004139,True,
75.0,36.0,0,nan,False,no drone count can carry payload and fly range
75.0,38.0,0,nan,False,no drone count can carry payload and fly range
75.0,40.0,0,nan,False,no drone count can carry payload and fly range
80.0,2.0,4,73.22842068095996,True,
80.0,4.0,4,73.22842068095996,True,
80.0,6.0,4,73.22842068095996,True,
80.0,8.0,4,73.22842068095996,True,
80.0,10.0,4,73.22842068095996,True,
80.0,12.0,4,73.22842068095996,True,
80.0,14.0,4,73.22842068095996,True,
80.0,16.0,4,73.22842068095996,True,
80.0,18.0,4,73.22842068095996,True,
80.0,20.0,4,73.22842068095996,True,
80.0,22.0,4,73.22842068095996,True,
80.0,24.0,5,74.21957572602889,True,
80.0,26.0,5,74.21957572602889,True,
80.0,28.0,5,74.21957572602889,True,
80.0,30.0,6,75.99877279732091,True,
80.0,32.0,6,75.99877279732091,True,
80.0,34.0,0,nan,False,no drone count can carry payload and fly range
80.0,36.0,0,nan,False,no drone count can carry payload and fly range
80.0,38.0,0,nan,False,no drone count can carry payload and fly range
80.0,40.0,0,nan,False,no drone count can carry payload and fly range
85.0,2.0,4,75.48342217375226,True,
85.0,4.0,4,75.48342217375226,True,
85.0,6.0,4,75.48342217375226,True,
85.0,8.0,4,75.48342217375226,True,
85.0,10.0,4,75.48342217375226,True,
85.0,12.0,4,75.48342217375226,True,
85.0,14.0,4,75.48342217375226,True,
85.0,16.0,4,75.48342217375226,True,
85.0,18.0,4,75.48342217375226,True,
85.0,20.0,4,75.48342217375226,True,
85.0,22.0,4,75.48342217375226,True,
85.0,24.0,5,76.16982659149274,True,
85.0,26.0,5,76.16982659149274,True,
85.0,28.0,6,77.74585657789912,True,
85.0,30.0,6,77.74585657789912,True,
85.0,32.0,6,77.74585657789912,True,
85.0,34.0,0,nan,False,no drone count can carry payload and fly range
85.0,36.0,0,nan,False,no drone count can carry payload and fly range
85.0,38.0,0,nan,False,no drone count can carry payload and fly range
85.0,40.0,0,nan,False,no drone count can carry payload and fly range
90.0,2.0,4,77.83077234149259,True,
90.0,4.0,4,77.83077234149259,True,
90.0,6.0,4,77.83077234149259,True,
90.0,8.0,4,77.83077234149259,True,
90.0,10.0,4,77.83077234149259,True,
90.0,12.0,4,77.83077234149259,True,
90.0,14.0,4,77.83077234149259,True,
90.0,16.0,4,77.83077234149259,True,
90.0,18.0,4,77.83077234149259,True,
90.0,20.0,4,77.83077234149259,True,
90.0,22.0,5,78.19395639691498,True,
90.0,24.0,5,78.19395639691498,True,
90.0,26.0,5,78.19395639691498,True,
90.0,28.0,6,79.55450614177597,True,
90.0,30.0,6,79.55450614177597,True,
90.0,32.0,0,nan,False,no drone count can carry payload and fly range
90.0,34.0,0,nan,False,no drone count can carry payload and fly range
90.0,36.0,0,nan,False,no drone count can carry payload and fly range
90.0,38.0,0,nan,False,no drone count can carry payload and fly range
90.0,40.0,0,nan,False,no drone count can carry payload and fly range
95.0,2.0,4,80.27047118418093,True,
95.0,4.0,4,80.27047118418093,True,
95.0,6.0,4,80.27047118418093,True,
95.0,8.0,4,80.27047118418093,True,
95.0,10.0,4,80.27047118418093,True,
95.0,12.0,4,80.27047118418093,True,
95.0,14.0,4,80.27047118418093,True,
95.0,16.0,4,80.27047118418093,True,
95.0,18.0,4,80.27047118418093,True,
95.0,20.0,4,80.27047118418093,True,
95.0,22.0,5,80.29196514229564,True,
95.0,24.0,5,80.29196514229564,True,
95.0,26.0,5,80.29196514229564,True,
95.0,28.0,6,81.42472148895152,True,
95.0,30.0,6,81.42472148895152,True,
95.0,32.0,0,nan,False,no drone count can carry payload and fly range
95.0,34.0,0,nan,False,no drone count can carry payload and fly range
95.0,36.0,0,nan,False,no drone count can carry payload and fly range
95.0,38.0,0,nan,False,no drone count can carry payload and fly range
95.0,40.0,0,nan,False,no drone count can carry payload and fly range
100.0,2.0,5,82.46385282763475,True,
100.0,4.0,5,82.46385282763475,True,
100.0,6.0,5,82.46385282763475,True,
100.0,8.0,5,82.46385282763475,True,
100.0,10.0,5,82.46385282763475,True,
100.0,12.0,5,82.46385282763475,True,
100.0,14.0,5,82.46385282763475,True,
100.0,16.0,5,82.46385282763475,True,
100.0,18.0,5,82.46385282763475,True,
100.0,20.0,5,82.46385282763475,True,
100.0,22.0,5,82.46385282763475,True,
100.0,24.0,5,82.46385282763475,True,
100.0,26.0,6,83.35650261942578,True,
100.0,28.0,6,83.35650261942578,True,
100.0,30.0,6,83.35650261942578,True,
100.0,32.0,0,nan,False,no drone count can carry payload and fly range
100.0,34.0,0,nan,False,no drone count can carry payload and fly range
100.0,36.0,0,nan,False,no drone count can carry payload and fly range
100.0,38.0,0,nan,False,no drone count can carry payload and fly range
100.0,40.0,0,nan,False,no drone count can carry payload and fly range
105.0,2.0,5,84.70961945293226,True,
105.0,4.0,5,84.70961945293226,True,
105.0,6.0,5,84.70961945293226,True,
105.0,8.0,5,84.70961945293226,True,
105.0,10.0,5,84.70961945293226,True,
105.0,12.0,5,84.70961945293226,True,
105.0,14.0,5,84.70961945293226,True,
105.0,16.0,5,84.70961945293226,True,
105.0,18.0,5,84.70961945293226,True,
105.0,20.0,5,84.70961945293226,True,
105.0,22.0,5,84.70961945293226,True,
105.0,24.0,5,84.70961945293226,True,
105.0,26.0,6,85.34984953319871,True,
105.0,28.0,6,85.34984953319871,True,
105.0,30.0,0,nan,False,no drone count can carry payload and fly range
105.0,32.0,0,nan,False,no drone count can carry payload and fly range
105.0,34.0,0,nan,False,no drone count can carry payload and fly range
105.0,36.0,0,nan,False,no drone count can carry payload and fly range
105.0,38.0,0,nan,False,no drone count can carry payload and fly range
105.0,40.0,0,nan,False,no drone count can carry payload and fly range
110.0,2.0,5,87.02926501818818,True,
110.0,4.0,5,87.02926501818818,True,
110.0,6.0,5,87.02926501818818,True,
110.0,8.0,5,87.02926501818818,True,
110.0,10.0,5,87.02926501818818,True,
110.0,12.0,5,87.02926501818818,True,
110.0,14.0,5,87.02926501818818,True,
110.0,16.0,5,87.02926501818818,True,
110.0,18.0,5,87.02926501818818,True,
110.0,20.0,5,87.02926501818818,True,
110.0,22.0,5,87.02926501818818,True,
110.0,24.0,5,87.02926501818818,True,
110.0,26.0,6,87.40476223027028,True,
110.0,28.0,6,87.40476223027028,True,
110.0,30.0,0,nan,False,no drone count can carry payload and fly range
110.0,32.0,0,nan,False,no drone count can carry payload and fly range
110.0,34.0,0,nan,False,no drone count can carry payload and fly range
110.0,36.0,0,nan,False,no drone count can carry payload and fly range
110.0,38.0,0,nan,False,no drone count can carry payload and fly range
110.0,40.0,0,nan,False,no drone count can carry payload and fly range
115.0,2.0,5,89.4227895234025,True,
115.0,4.0,5,89.4227895234025,True,
115.0,6.0,5,89.4227895234025,True,
115.0,8.0,5,89.4227895234025,True,
115.0,10.0,5,89.4227895234025,True,
115.0,12.0,5,89.4227895234025,True,
115.0,14.0,5,89.4227895234025,True,
115.0,16.0,5,89.4227895234025,True,
115.0,18.0,5,89.4227895234025,True,
115.0,20.0,5,89.4227895234025,True,
115.0,22.0,5,89.4227895234025,True,
115.0,24.0,6,89.52124071064057,True,
115.0,26.0,6,89.52124071064057,True,
115.0,28.0,6,89.52124071064057,True,
115.0,30.0,0,nan,False,no drone count can carry payload and fly range
115.0,32.0,0,nan,False,no drone count can carry payload and fly range
115.0,34.0,0,nan,False,no drone count can carry payload and fly range
115.0,36.0,0,nan,False,no drone count can carry payload and fly range
115.0,38.0,0,nan,False,no drone count can carry payload and fly range
115.0,40.0,0,nan,False,no drone count can carry payload and fly range
120.0,2.0,6,91.69928497430952,True,
120.0,4.0,6,91.69928497430952,True,
120.0,6.0,6,91.69928497430952,True,
120.0,8.0,6,91.69928497430952,True,
120.0,10.0,6,91.69928497430952,True,
120.0,12.0,6,91.69928497430952,True,
120.0,14.0,6,91.69928497430952,True,
120.0,16.0,6,91.69928497430952,True,
120.0,18.0,6,91.69928497430952,True,
120.0,20.0,6,91.69928497430952,True,
120.0,22.0,6,91.69928497430952,True,
120.0,24.0,6,91.69928497430952,True,
120.0,26.0,6,91.69928497430952,True,
120.0,28.0,0,nan,False,no drone count can carry payload and fly range
120.0,30.0,0,nan,False,no drone count can carry payload and fly range
120.0,32.0,0,nan,False,no drone count can carry payload and fly range
120.0,34.0,0,nan,False,no drone count can carry payload and fly range
120.0,36.0,0,nan,False,no drone count can carry payload and fly range
120.0,38.0,0,nan,False,no drone count can carry payload and fly range
120.0,40.0,0,nan,False,no drone count can carry payload and fly range
