RPM,Velocity (m/s),Velocity (mph),J,Efficiency,Ct,Cp,Power (W),Thrust (N),Thrust/Power,Source
1000,0,0,0,0,0.0975,0.0408,4.63,1.451,31.959,apc
1000,0,0,0,0,0.0975,0.0408,4.474200000000001,1.45011972,33.049720380023544,apc
1000,0.2145792,0.48,0.028,0.0651,0.0965,0.0415,4.707,1.435,31.098,apc
1000,0.4291584,0.96,0.0561,0.1266,0.0953,0.0422,4.782,1.418,30.232,apc
1000,0.6392671999999999,1.43,0.0841,0.1845,0.094,0.0428,4.856,1.399,29.367,apc
1000,0.8538464,1.91,0.1121,0.2388,0.0925,0.0434,4.926,1.377,28.505,apc
1000,1.0684256,2.39,0.1401,0.2896,0.091,0.044,4.991,1.354,27.651,apc
1000,1.2830048,2.87,0.1682,0.3369,0.0892,0.0445,5.05,1.327,26.807,apc
1000,1.4931135999999998,3.34,0.1962,0.3809,0.0873,0.045,5.099,1.299,25.977,apc
1000,1.7076928,3.82,0.2242,0.4216,0.0852,0.0453,5.137,1.268,25.16,apc
1000,1.922272,4.3,0.2523,0.4592,0.0829,0.0455,5.162,1.233,24.36,apc
1000,2.1368512,4.78,0.2803,0.4938,0.0804,0.0456,5.172,1.196,23.576,apc
1000,2.3514304,5.26,0.3083,0.5255,0.0776,0.0456,5.165,1.155,22.808,apc
1000,2.5615392000000003,5.73,0.3363,0.5543,0.0747,0.0453,5.139,1.111,22.055,apc
1000,2.7761184,6.21,0.3644,0.5804,0.0715,0.0449,5.091,1.064,21.314,apc
1000,2.9906976000000003,6.69,0.3924,0.6036,0.0681,0.0443,5.021,1.014,20.583,apc
1000,3.2052768,7.17,0.4204,0.6238,0.0645,0.0435,4.927,0.959,19.856,apc
1000,3.4153856,7.64,0.4485,0.641,0.0606,0.0424,4.809,0.902,19.129,apc
1000,3.6299647999999998,8.12,0.4765,0.6549,0.0565,0.0411,4.664,0.841,18.394,apc
1000,3.844544,8.6,0.5045,0.6651,0.0523,0.0396,4.495,0.778,17.643,apc
1000,4.0591232,9.08,0.5325,0.6712,0.0478,0.038,4.303,0.712,16.865,apc
1000,4.2737024,9.56,0.5606,0.6723,0.0433,0.0361,4.089,0.644,16.049,apc
1000,4.4838112,10.03,0.5886,0.6676,0.0386,0.034,3.855,0.574,15.179,apc
1000,4.6983904,10.51,0.6166,0.6558,0.0338,0.0318,3.602,0.503,14.233,apc
1000,4.9129696,10.99,0.6447,0.6351,0.0289,0.0294,3.332,0.431,13.184,apc
1000,5.1275488000000005,11.47,0.6727,0.6029,0.0241,0.0269,3.045,0.358,11.994,apc
1000,5.3376576,11.94,0.7007,0.5553,0.0192,0.0242,2.744,0.285,10.604,apc
1000,5.5522368,12.42,0.7288,0.4861,0.0143,0.0214,2.429,0.213,8.927,apc
1000,5.766816,12.9,0.7568,0.3856,0.0095,0.0186,2.104,0.141,6.818,apc
1000,5.981395200000001,13.38,0.7848,0.2361,0.0047,0.0156,1.771,0.07,4.026,apc
1000,6.1959744,13.86,0.8128,0.0037,0.0001,0.0126,1.432,0.001,0.061,apc
2000,0,0,0,0,0.0979,0.0379,34.363,5.824,17.284,apc
2000,0,0,0,0,0.0979,0.0379,34.3022,5.82271998,17.309449444165445,apc
2000,0.4291584,0.96,0.0282,0.0707,0.0968,0.0386,35.014,5.762,16.78,apc
2000,0.8583168,1.92,0.0564,0.1371,0.0956,0.0393,35.663,5.692,16.276,apc
2000,1.2874752,2.88,0.0845,0.1993,0.0943,0.04,36.297,5.615,15.774,apc
2000,1.7166336,3.84,0.1127,0.2574,0.0929,0.0407,36.905,5.529,15.278,apc
2000,2.1457919999999997,4.8,0.1409,0.3114,0.0913,0.0413,37.473,5.435,14.79,apc
2000,2.5749504,5.76,0.1691,0.3616,0.0896,0.0419,37.986,5.331,14.31,apc
2000,3.0041088,6.72,0.1972,0.408,0.0876,0.0424,38.428,5.216,13.84,apc
2000,3.4332672,7.68,0.2254,0.4509,0.0855,0.0428,38.781,5.09,13.382,apc
2000,3.866896,8.65,0.2536,0.4903,0.0832,0.043,39.028,4.951,12.937,apc
2000,4.2960544,9.61,0.2818,0.5266,0.0807,0.0432,39.151,4.801,12.504,apc
2000,4.7252128,10.57,0.31,0.5598,0.0779,0.0431,39.133,4.637,12.083,apc
2000,5.1543712,11.53,0.3381,0.59,0.0749,0.0429,38.955,4.46,11.675,apc
2000,5.5835296,12.49,0.3663,0.6174,0.0717,0.0426,38.603,4.269,11.277,apc
2000,6.012688,13.45,0.3945,0.642,0.0683,0.042,38.064,4.064,10.888,apc
2000,6.4418464,14.41,0.4227,0.6637,0.0646,0.0411,37.326,3.846,10.507,apc
2000,6.8710048,15.37,0.4508,0.6826,0.0607,0.0401,36.379,3.614,10.13,apc
2000,7.300163199999999,16.33,0.479,0.6983,0.0566,0.0388,35.214,3.368,9.754,apc
2000,7.7293216,17.29,0.5072,0.7107,0.0523,0.0373,33.84,3.112,9.376,apc
2000,8.158479999999999,18.25,0.5354,0.7193,0.0478,0.0356,32.268,2.845,8.99,apc
2000,8.5876384,19.21,0.5636,0.7236,0.0432,0.0336,30.511,2.57,8.591,apc
2000,9.0167968,20.17,0.5917,0.7225,0.0385,0.0315,28.578,2.29,8.17,apc
2000,9.4459552,21.13,0.6199,0.7149,0.0337,0.0292,26.48,2.004,7.717,apc
2000,9.8751136,22.09,0.6481,0.699,0.0288,0.0267,24.227,1.715,7.217,apc
2000,10.304272000000001,23.05,0.6763,0.6719,0.0239,0.0241,21.832,1.423,6.648,apc
2000,10.7379008,24.02,0.7044,0.6293,0.019,0.0213,19.307,1.132,5.977,apc
2000,11.1670592,24.98,0.7326,0.5636,0.0141,0.0184,16.669,0.841,5.148,apc
2000,11.596217600000001,25.94,0.7608,0.4613,0.0093,0.0154,13.938,0.554,4.057,apc
2000,12.025376,26.9,0.789,0.2947,0.0046,0.0123,11.134,0.273,2.499,apc
2000,12.4545344,27.86,0.8172,-0.0021,0,0.0091,8.282,-0.001,-0.017,apc
2012,2.86109,6.40009,0.186616,0.455947,0.100195,0.041009,37.8422,6.0306,16.2504,uiuc
2012,3.52741,7.89061,0.230077,0.532496,0.096009,0.041483,38.2796,5.77865,15.3935,uiuc
2012,4.16958,9.32711,0.271963,0.596058,0.092191,0.042064,38.8157,5.54885,14.5772,uiuc
2012,4.79896,10.735,0.313014,0.648423,0.087521,0.042249,38.9865,5.26777,13.7782,uiuc
2012,5.42213,12.129,0.353661,0.687208,0.081109,0.041742,38.5186,4.88184,12.9239,uiuc
2012,5.99461,13.4096,0.391001,0.711673,0.072582,0.039878,36.7986,4.36861,12.1058,uiuc
2012,6.53188,14.6114,0.426045,0.728633,0.064751,0.037861,34.9373,3.89727,11.375,uiuc
2012,7.07474,15.8258,0.461453,0.744955,0.056584,0.03505,32.3434,3.40571,10.7375,uiuc
2012,7.64093,17.0923,0.498383,0.759141,0.049001,0.03217,29.6858,2.9493,10.131,uiuc
2012,8.29943,18.5653,0.541334,0.770461,0.041131,0.028899,26.6674,2.47562,9.46636,uiuc
2012,8.86864,19.8386,0.578461,0.767862,0.03442,0.025929,23.9267,2.07169,8.8292,uiuc
2012,9.58923,21.4505,0.625462,0.733777,0.025026,0.021332,19.6847,1.50628,7.8029,uiuc
2012,10.1695,22.7486,0.663311,0.66716,0.01793,0.017826,16.4494,1.07918,6.68995,uiuc
2012,10.7546,24.0573,0.701471,0.52246,0.01028,0.013802,12.7362,0.618739,4.9539,uiuc
2012,11.2905,25.2562,0.736429,0.255964,0.00352,0.010125,9.34313,0.211864,2.3123,uiuc
2012,11.2928,25.2614,0.73658,0.25316,0.00347,0.010095,9.31545,0.208855,2.28623,uiuc
2973,3.24454,7.25785,0.14322,0.36685,0.104363,0.040743,121.297,13.715,11.5298,uiuc
2973,3.89008,8.70187,0.171715,0.424313,0.101637,0.041129,122.446,13.3567,11.1233,uiuc
2973,4.5328,10.1396,0.200086,0.478834,0.10014,0.041844,124.575,13.16,10.7722,uiuc
2973,5.1159,11.444,0.225825,0.523341,0.098085,0.042324,126.004,12.8899,10.4315,uiuc
2973,5.74097,12.8422,0.253417,0.568341,0.095407,0.042541,126.65,12.538,10.0949,uiuc
2973,6.3557,14.2173,0.280552,0.607779,0.092262,0.042588,126.79,12.1247,9.75136,uiuc
2973,7.00388,15.6673,0.309164,0.646043,0.089082,0.04263,126.915,11.7068,9.40598,uiuc
2973,7.61124,17.0259,0.335974,0.67722,0.086247,0.042788,127.386,11.3342,9.07301,uiuc
2973,8.21899,18.3854,0.362801,0.704115,0.082271,0.042391,126.204,10.8117,8.7358,uiuc
2973,8.87537,19.8537,0.391775,0.729006,0.07897,0.042439,126.347,10.3779,8.3758,uiuc
2973,9.48867,21.2256,0.418847,0.747417,0.07476,0.041895,124.727,9.82466,8.03224,uiuc
2973,10.1093,22.6139,0.446243,0.762775,0.070072,0.040993,122.042,9.20858,7.69421,uiuc
2973,10.6633,23.8531,0.470696,0.770312,0.064444,0.039378,117.234,8.46897,7.36645,uiuc
2973,11.2387,25.1403,0.496097,0.777465,0.058588,0.037385,111.3,7.6994,7.05409,uiuc
2973,11.8204,26.4416,0.521775,0.78778,0.053414,0.035378,105.325,7.01946,6.79597,uiuc
3000,0,0,0,0,0.0982,0.0367,112.267,13.148,11.942,apc
3000,0,0,0,0,0.0982,0.0367,112.6007,13.14893832,11.90772844960179,apc
3000,0.6437376,1.44,0.0282,0.0733,0.0971,0.0374,114.531,13.008,11.582,apc
3000,1.2919456,2.89,0.0565,0.142,0.096,0.0381,116.791,12.853,11.222,apc
3000,1.9356832,4.33,0.0847,0.2063,0.0947,0.0389,119.007,12.68,10.865,apc
3000,2.5794208,5.77,0.1129,0.2661,0.0932,0.0396,121.136,12.488,10.512,apc
3000,3.2276287999999997,7.22,0.1412,0.3217,0.0917,0.0402,123.133,12.276,10.166,apc
3000,3.8713664,8.66,0.1694,0.3732,0.0899,0.0408,124.945,12.041,9.827,apc
3000,4.5195744,10.11,0.1976,0.4208,0.088,0.0413,126.515,11.783,9.497,apc
3000,5.163312,11.55,0.2259,0.4646,0.0859,0.0417,127.786,11.499,9.176,apc
3000,5.8070496,12.99,0.2541,0.5049,0.0835,0.042,128.695,11.187,8.864,apc
3000,6.4552575999999995,14.44,0.2823,0.542,0.081,0.0422,129.18,10.848,8.563,apc
3000,7.0989952,15.88,0.3106,0.5758,0.0782,0.0422,129.178,10.478,8.271,apc
3000,7.7427328,17.32,0.3388,0.6067,0.0752,0.042,128.632,10.078,7.989,apc
3000,8.3909408,18.77,0.367,0.6348,0.072,0.0416,127.486,9.646,7.715,apc
3000,9.0346784,20.21,0.3953,0.6601,0.0686,0.0411,125.694,9.183,7.45,apc
3000,9.6828864,21.66,0.4235,0.6826,0.0649,0.0402,123.216,8.689,7.191,apc
3000,10.326624,23.1,0.4517,0.7024,0.061,0.0392,120.012,8.163,6.936,apc
3000,10.970361599999999,24.54,0.4799,0.7192,0.0568,0.0379,116.056,7.607,6.684,apc
3000,11.618569599999999,25.99,0.5082,0.7328,0.0525,0.0364,111.372,7.026,6.433,apc
3000,12.2623072,27.43,0.5364,0.743,0.048,0.0346,105.998,6.422,6.178,apc
3000,12.9060448,28.87,0.5646,0.749,0.0433,0.0327,99.974,5.801,5.917,apc
3000,13.5542528,30.32,0.5929,0.7501,0.0386,0.0305,93.334,5.166,5.644,apc
3000,14.1979904,31.76,0.6211,0.7452,0.0337,0.0281,86.113,4.52,5.352,apc
3000,14.8461984,33.21,0.6493,0.7325,0.0289,0.0256,78.347,3.866,5.032,apc
3000,15.489935999999998,34.65,0.6776,0.7091,0.024,0.0229,70.078,3.208,4.669,apc
3000,16.1336736,36.09,0.7058,0.6706,0.019,0.02,61.353,2.55,4.238,apc
3000,16.7818816,37.54,0.734,0.6089,0.0142,0.0171,52.228,1.895,3.701,apc
3000,17.4256192,38.98,0.7623,0.5086,0.0093,0.014,42.773,1.249,2.977,apc
3000,18.0693568,40.42,0.7905,0.3358,0.0046,0.0108,33.065,0.614,1.895,apc
3000,18.717564799999998,41.87,0.8187,-0.0021,0,0.0076,23.186,-0.003,-0.011,apc
3032,10.3802,23.2199,0.449285,0.766903,0.069454,0.040689,128.493,9.49323,7.53382,uiuc
3032,10.9688,24.5365,0.47476,0.775738,0.063907,0.039112,123.513,8.73505,7.21163,uiuc
3032,11.5715,25.8848,0.500848,0.783992,0.058129,0.037135,117.269,7.94529,6.90883,uiuc
3032,12.1364,27.1483,0.525297,0.797175,0.05315,0.035023,110.6,7.26474,6.698,uiuc
3032,12.6661,28.3334,0.548227,0.799333,0.048059,0.032962,104.091,6.56888,6.43512,uiuc
3032,13.2098,29.5494,0.571756,0.796396,0.04224,0.030325,95.7639,5.77352,6.14778,uiuc
3032,13.8139,30.9008,0.597904,0.794513,0.037181,0.02798,88.3586,5.08204,5.86501,uiuc
3032,14.4981,32.4315,0.627521,0.782038,0.031779,0.0255,80.5269,4.34367,5.50041,uiuc
3032,14.986,33.5227,0.648636,0.751878,0.026352,0.022734,71.7921,3.60189,5.11603,uiuc
3032,15.6753,35.0647,0.678472,0.707241,0.020834,0.019987,63.1173,2.84767,4.60066,uiuc
3032,16.2209,36.2852,0.702087,0.631002,0.015334,0.017061,53.8773,2.09591,3.96685,uiuc
3032,16.9878,38.0008,0.735282,0.518697,0.010082,0.014291,45.1298,1.37805,3.11372,uiuc
3032,17.5064,39.1608,0.757728,0.305706,0.004353,0.010789,34.0708,0.594984,1.78075,uiuc
3032,18.1963,40.704,0.787588,-0.222466,-0.00194,0.00687,21.6949,-0.265166,-1.24635,uiuc
3032,18.2386,40.7986,0.789417,-0.225314,-0.001966,0.006887,21.7486,-0.26872,-1.25994,uiuc
3032,18.2386,40.7986,0.789417,-0.225314,-0.001966,0.006887,21.7486,-0.26872,-1.25994,uiuc
3032,18.2386,40.7986,0.789417,-0.225314,-0.001966,0.006887,21.7486,-0.26872,-1.25994,uiuc
3032,18.2386,40.7986,0.789417,-0.225314,-0.001966,0.006887,21.7486,-0.26872,-1.25994,uiuc
3032,18.2386,40.7986,0.789417,-0.225314,-0.001966,0.006887,21.7486,-0.26872,-1.25994,uiuc
3032,18.2386,40.7986,0.789417,-0.225314,-0.001966,0.006887,21.7486,-0.26872,-1.25994,uiuc
3032,18.2386,40.7986,0.789417,-0.225314,-0.001966,0.006887,21.7486,-0.26872,-1.25994,uiuc
3032,18.2386,40.7986,0.789417,-0.225314,-0.001966,0.006887,21.7486,-0.26872,-1.25994,uiuc
3032,18.2386,40.7986,0.789417,-0.225314,-0.001966,0.006887,21.7486,-0.26872,-1.25994,uiuc
3032,18.2386,40.7986,0.789417,-0.225314,-0.001966,0.006887,21.7486,-0.26872,-1.25994,uiuc
3958,3.74282,8.37247,0.124099,0.330339,0.109116,0.040992,287.965,25.4155,8.9999,uiuc
3958,4.30156,9.62234,0.142625,0.370235,0.10663,0.041076,288.555,24.8364,8.77687,uiuc
3958,4.97467,11.128,0.164943,0.417644,0.10601,0.041867,294.112,24.692,8.56098,uiuc
3958,5.57142,12.4629,0.184729,0.457006,0.104646,0.042299,297.147,24.3743,8.36452,uiuc
3958,6.26066,14.0047,0.207582,0.500708,0.103368,0.042854,301.046,24.0767,8.15536,uiuc
3958,6.63341,14.8385,0.219941,0.522104,0.101421,0.042725,300.139,23.6232,8.02591,uiuc
3958,7.38826,16.5271,0.244969,0.565015,0.099704,0.043228,303.673,23.2232,7.79823,uiuc
3958,8.01706,17.9337,0.265818,0.597615,0.097415,0.04333,304.389,22.6901,7.60126,uiuc
3958,8.6535,19.3574,0.28692,0.629075,0.095227,0.043433,305.113,22.1804,7.41291,uiuc
3958,9.30779,20.821,0.308614,0.659078,0.093129,0.043608,306.342,21.6918,7.2205,uiuc
3958,9.92655,22.2051,0.32913,0.68536,0.090847,0.043627,306.476,21.1602,7.0405,uiuc
3958,10.5274,23.5491,0.349052,0.708018,0.087908,0.043338,304.446,20.4757,6.85817,uiuc
3958,11.1439,24.9283,0.369494,0.7305,0.085723,0.04336,304.6,19.9668,6.68431,uiuc
3958,11.7397,26.2611,0.389249,0.748256,0.082679,0.04301,302.141,19.2577,6.49942,uiuc
4000,0,0,0,0,0.0986,0.0361,261.7407,23.46880872,9.143218747050717,apc
4000,0,0,0,0,0.0986,0.0361,261.674,23.466,9.144,apc
4000,0.8627872,1.93,0.0283,0.0749,0.0975,0.0368,267.159,23.22,8.863,apc
4000,1.721104,3.85,0.0565,0.145,0.0964,0.0376,272.641,22.945,8.582,apc
4000,2.5838912,5.78,0.0848,0.2104,0.0951,0.0383,278.024,22.641,8.304,apc
4000,3.4466784,7.71,0.113,0.2713,0.0937,0.039,283.207,22.302,8.03,apc
4000,4.3049952000000005,9.63,0.1413,0.3278,0.0921,0.0397,288.077,21.926,7.761,apc
4000,5.1677824,11.56,0.1696,0.3801,0.0903,0.0403,292.508,21.511,7.499,apc
4000,6.0305696,13.49,0.1978,0.4283,0.0884,0.0408,296.366,21.052,7.243,apc
4000,6.8933568,15.42,0.2261,0.4728,0.0863,0.0413,299.507,20.547,6.995,apc
4000,7.7516736,17.34,0.2544,0.5136,0.084,0.0416,301.781,19.993,6.756,apc
4000,8.6144608,19.27,0.2826,0.5511,0.0814,0.0418,303.038,19.388,6.524,apc
4000,9.477248,21.2,0.3109,0.5854,0.0787,0.0418,303.128,18.729,6.3,apc
4000,10.3355648,23.12,0.3391,0.6168,0.0757,0.0416,301.906,18.014,6.084,apc
4000,11.198352,25.05,0.3674,0.6453,0.0724,0.0412,299.24,17.244,5.876,apc
4000,12.0611392,26.98,0.3957,0.6711,0.069,0.0407,295.017,16.416,5.674,apc
4000,12.919455999999998,28.9,0.4239,0.6941,0.0652,0.0398,289.136,15.533,5.478,apc
4000,13.782243199999998,30.83,0.4522,0.7145,0.0613,0.0388,281.502,14.593,5.286,apc
4000,14.6450304,32.76,0.4804,0.732,0.0571,0.0375,272.049,13.599,5.097,apc
4000,15.5033472,34.68,0.5087,0.7465,0.0527,0.0359,260.83,12.558,4.91,apc
4000,16.3661344,36.61,0.537,0.7577,0.0482,0.0342,247.938,11.479,4.721,apc
4000,17.2289216,38.54,0.5652,0.7651,0.0435,0.0322,233.462,10.367,4.528,apc
4000,18.0917088,40.47,0.5935,0.7678,0.0388,0.03,217.484,9.231,4.328,apc
4000,18.9500256,42.39,0.6218,0.7648,0.0339,0.0276,200.088,8.075,4.115,apc
4000,19.8128128,44.32,0.65,0.7544,0.029,0.025,181.362,6.906,3.883,apc
4000,20.6756,46.25,0.6783,0.7339,0.0241,0.0222,161.404,5.729,3.62,apc
4000,21.5339168,48.17,0.7065,0.6986,0.0191,0.0193,140.333,4.553,3.308,apc
4000,22.396704,50.1,0.7348,0.6404,0.0142,0.0163,118.287,3.382,2.916,apc
4000,23.2594912,52.03,0.7631,0.5427,0.0094,0.0132,95.433,2.227,2.379,apc
4000,24.117808,53.95,0.7913,0.3669,0.0046,0.0099,71.967,1.095,1.551,apc
4000,24.9805952,55.88,0.8196,-0.0034,0,0.0066,48.078,-0.007,-0.014,apc
4017,10.0559,22.4944,0.328521,0.68514,0.090627,0.043455,319.123,21.743,6.94769,uiuc
4017,10.7038,23.9438,0.349689,0.71067,0.088394,0.043495,319.417,21.2073,6.77027,uiuc
4017,11.3183,25.3183,0.369763,0.730706,0.085349,0.04319,317.177,20.4767,6.58321,uiuc
4017,11.9508,26.7332,0.390427,0.752574,0.083312,0.043221,317.405,19.988,6.42148,uiuc
4017,12.5451,28.0626,0.409843,0.769748,0.080764,0.043002,315.797,19.3767,6.25679,uiuc
4017,13.1558,29.4288,0.429795,0.783878,0.077374,0.042424,311.552,18.5634,6.07583,uiuc
4017,13.7905,30.8485,0.450529,0.798136,0.074323,0.041954,308.1,17.8314,5.90164,uiuc
4017,14.3665,32.137,0.469347,0.806887,0.070681,0.041114,301.932,16.9576,5.72711,uiuc
4017,14.9964,33.5461,0.489926,0.819413,0.067513,0.040366,296.439,16.1976,5.57178,uiuc
4017,15.6226,34.9469,0.510384,0.829876,0.064265,0.039524,290.255,15.4183,5.41672,uiuc
4017,16.1146,36.0474,0.526457,0.832326,0.060287,0.038132,280.033,14.4639,5.26692,uiuc
4017,16.6646,37.2776,0.544424,0.835908,0.056448,0.036765,269.994,13.5429,5.11489,uiuc
4017,17.3289,38.7636,0.566126,0.841327,0.052616,0.035405,260.006,12.6235,4.9508,uiuc
4017,17.9853,40.2321,0.587573,0.840154,0.048121,0.033654,247.147,11.5451,4.76344,uiuc
4017,18.4966,41.3759,0.604277,0.835737,0.044291,0.032024,235.177,10.6262,4.60747,uiuc
4017,19.1776,42.8991,0.626523,0.82387,0.039101,0.029734,218.36,9.38102,4.38084,uiuc
4017,19.7806,44.2481,0.646225,0.813414,0.03514,0.027917,205.016,8.43071,4.1933,uiuc
4017,20.5017,45.861,0.669781,0.799255,0.030362,0.025444,186.855,7.28438,3.97528,uiuc
4017,21.0407,47.0668,0.687391,0.776091,0.026294,0.023289,171.029,6.30839,3.76122,uiuc
4017,21.6408,48.4092,0.706996,0.744924,0.022394,0.021254,156.084,5.37272,3.51005,uiuc
4017,22.2489,49.7693,0.72686,0.689563,0.017686,0.018642,136.903,4.24318,3.16053,uiuc
4017,22.9775,51.3993,0.750665,0.610743,0.013028,0.016012,117.588,3.12565,2.71053,uiuc
4017,23.4939,52.5544,0.767535,0.50748,0.008907,0.013471,98.9279,2.13695,2.20269,uiuc
4017,24.1844,54.0992,0.790095,0.311439,0.004127,0.010469,76.8819,0.99014,1.31326,uiuc
4959,5.36395,11.9988,0.14195,0.37173,0.110421,0.042164,582.556,40.3737,7.06708,uiuc
4959,5.90321,13.2051,0.156221,0.402043,0.109363,0.042494,587.115,39.9868,6.94501,uiuc
4959,6.48291,14.5019,0.171562,0.433417,0.108315,0.042875,592.379,39.6037,6.81734,uiuc
4959,7.34016,16.4195,0.194248,0.477491,0.106711,0.043411,599.785,39.0172,6.63345,uiuc
4959,7.88249,17.6327,0.2086,0.504227,0.105885,0.043804,605.215,38.7152,6.52305,uiuc
4959,8.43521,18.8691,0.223227,0.530506,0.104373,0.043918,606.79,38.1623,6.41322,uiuc
4959,8.97935,20.0863,0.237627,0.55485,0.102908,0.044073,608.931,37.6267,6.30096,uiuc
4959,9.63307,21.5486,0.254927,0.583139,0.101654,0.044439,613.988,37.1682,6.17292,uiuc
4959,10.3577,23.1694,0.274102,0.613068,0.099532,0.0445,614.831,36.3923,6.03577,uiuc
4959,10.9577,24.5117,0.289981,0.636243,0.097717,0.044537,615.342,35.7287,5.92079,uiuc
4959,11.5925,25.9318,0.306782,0.660246,0.096251,0.044723,617.912,35.1926,5.80771,uiuc
4991,9.83378,21.9976,0.25857,0.591725,0.100976,0.044124,621.514,37.3983,6.13593,uiuc
4991,10.4421,23.3583,0.274564,0.616557,0.099668,0.044384,625.176,36.9139,6.02096,uiuc
4991,10.9859,24.5747,0.288863,0.637313,0.097903,0.044375,625.05,36.2602,5.91554,uiuc
4991,11.6518,26.0644,0.306373,0.662321,0.096272,0.044533,627.275,35.6561,5.79635,uiuc
4991,12.2908,27.4938,0.323175,0.683993,0.094137,0.044479,626.515,34.8653,5.67469,uiuc
4991,12.912,28.8833,0.339508,0.704745,0.092704,0.04466,629.064,34.3346,5.56566,uiuc
4991,13.5617,30.3367,0.356592,0.725323,0.09098,0.044728,630.022,33.6961,5.45385,uiuc
4991,14.1904,31.743,0.373122,0.742729,0.088889,0.044655,628.994,32.9217,5.33722,uiuc
4991,14.8044,33.1166,0.389268,0.759373,0.086598,0.044392,625.289,32.0731,5.23046,uiuc
4991,15.4169,34.4867,0.405373,0.775215,0.084474,0.044172,622.19,31.2865,5.12758,uiuc
4991,16.0154,35.8256,0.421111,0.787705,0.081771,0.043715,615.753,30.2854,5.0154,uiuc
4991,16.6478,37.24,0.437737,0.801525,0.079633,0.04349,612.584,29.4935,4.90954,uiuc
4991,17.2465,38.5794,0.45348,0.813046,0.077204,0.043061,606.541,28.5939,4.8072,uiuc
4991,17.8295,39.8835,0.468809,0.822371,0.074295,0.042353,596.569,27.5165,4.7034,uiuc
4991,18.4619,41.2982,0.485439,0.835414,0.072592,0.042182,594.16,26.8858,4.61422,uiuc
4991,19.0958,42.7161,0.502105,0.844999,0.069998,0.041593,585.863,25.925,4.51234,uiuc
4991,19.6205,43.8898,0.515902,0.852451,0.067462,0.040827,575.074,24.9858,4.43046,uiuc
4991,20.1273,45.0235,0.529227,0.85905,0.065077,0.040091,564.707,24.1024,4.35229,uiuc
4991,20.7009,46.3067,0.544311,0.865043,0.062344,0.039229,552.565,23.0902,4.26112,uiuc
4991,21.4062,47.8843,0.562855,0.870612,0.058802,0.038015,535.465,21.7784,4.14738,uiuc
4991,21.9974,49.2069,0.578401,0.874419,0.056012,0.03705,521.872,20.7451,4.0535,uiuc
4991,22.5499,50.4428,0.592928,0.874922,0.052847,0.035814,504.463,19.5728,3.95644,uiuc
4991,23.2681,52.0493,0.611812,0.875358,0.049289,0.03445,485.25,18.2551,3.83617,uiuc
4991,23.9331,53.5369,0.629298,0.87079,0.045475,0.032864,462.91,16.8425,3.71013,uiuc
5000,0,0,0,0,0.099,0.0358,506.869,36.84,7.411,apc
5000,0,0,0,0,0.099,0.0358,507.0760000000001,36.84015804,7.408456807669299,apc
5000,1.0773664,2.41,0.0283,0.0758,0.098,0.0365,517.788,36.46,7.18,apc
5000,2.1547328,4.82,0.0565,0.1468,0.0969,0.0373,528.712,36.037,6.95,apc
5000,3.2320992,7.23,0.0848,0.213,0.0956,0.0381,539.454,35.566,6.723,apc
5000,4.3094656,9.64,0.1131,0.2746,0.0942,0.0388,549.812,35.042,6.499,apc
5000,5.386832,12.05,0.1413,0.3316,0.0926,0.0395,559.559,34.459,6.28,apc
5000,6.459727999999999,14.45,0.1696,0.3844,0.0909,0.0401,568.449,33.813,6.066,apc
5000,7.5370944,16.86,0.1979,0.433,0.089,0.0407,576.211,33.098,5.857,apc
5000,8.6144608,19.27,0.2261,0.4779,0.0869,0.0411,582.56,32.311,5.656,apc
5000,9.6918272,21.68,0.2544,0.5191,0.0845,0.0414,587.202,31.446,5.461,apc
5000,10.7691936,24.09,0.2827,0.5569,0.082,0.0416,589.832,30.5,5.273,apc
5000,11.84656,26.5,0.3109,0.5916,0.0792,0.0416,590.153,29.469,5.092,apc
5000,12.9239264,28.91,0.3392,0.6232,0.0762,0.0415,587.876,28.35,4.917,apc
5000,14.0012928,31.32,0.3675,0.6521,0.073,0.0411,582.738,27.141,4.749,apc
5000,15.078659199999999,33.73,0.3957,0.6782,0.0695,0.0405,574.508,25.843,4.587,apc
5000,16.1560256,36.14,0.424,0.7017,0.0657,0.0397,562.989,24.455,4.429,apc
5000,17.233392,38.55,0.4523,0.7226,0.0618,0.0387,547.987,22.979,4.276,apc
5000,18.3107584,40.96,0.4805,0.7407,0.0576,0.0373,529.369,21.416,4.125,apc
5000,19.3836544,43.36,0.5088,0.7559,0.0532,0.0358,507.229,19.779,3.976,apc
5000,20.4610208,45.77,0.5371,0.768,0.0486,0.034,481.751,18.08,3.827,apc
5000,21.5383872,48.18,0.5653,0.7763,0.0439,0.032,453.106,16.331,3.675,apc
5000,22.6157536,50.59,0.5936,0.7804,0.0391,0.0297,421.459,14.542,3.518,apc
5000,23.69312,53,0.6219,0.779,0.0342,0.0273,386.973,12.722,3.352,apc
5000,24.7704864,55.41,0.6502,0.7705,0.0293,0.0247,349.822,10.881,3.172,apc
5000,25.8478528,57.82,0.6784,0.7524,0.0243,0.0219,310.205,9.029,2.968,apc
5000,26.925219199999997,60.23,0.7067,0.72,0.0193,0.0189,268.355,7.177,2.727,apc
5000,28.0025856,62.64,0.735,0.6652,0.0143,0.0158,224.552,5.334,2.422,apc
5000,29.079952,65.05,0.7632,0.5707,0.0094,0.0126,179.13,3.515,2.001,apc
5000,30.157318399999998,67.46,0.7915,0.3946,0.0047,0.0093,132.485,1.734,1.334,apc
5000,31.2346848,69.87,0.8198,0.0003,0,0.006,84.993,0.001,0.001,apc
6000,0,0,0,0,0.0996,0.0357,873.683,53.352,6.227,apc
6000,0,0,0,0,0.0996,0.0357,873.9604,53.356398899999995,6.225497748461794,apc
6000,1.2919456,2.89,0.0283,0.0765,0.0986,0.0365,892.924,52.816,6.032,apc
6000,2.5838912,5.78,0.0566,0.148,0.0975,0.0372,912.193,52.217,5.837,apc
6000,3.8803072,8.68,0.0848,0.2147,0.0962,0.038,931.164,51.547,5.645,apc
6000,5.1722528,11.57,0.1131,0.2767,0.0948,0.0388,949.479,50.8,5.456,apc
6000,6.4641984,14.46,0.1414,0.3341,0.0933,0.0395,966.741,49.968,5.271,apc
6000,7.756144000000001,17.35,0.1697,0.3872,0.0916,0.0401,982.511,49.044,5.09,apc
6000,9.048089599999999,20.24,0.1979,0.4362,0.0896,0.0407,996.313,48.02,4.915,apc
6000,10.3445056,23.14,0.2262,0.4813,0.0875,0.0411,1007.644,46.89,4.745,apc
6000,11.6364512,26.03,0.2545,0.5228,0.0852,0.0415,1015.983,45.645,4.581,apc
6000,12.9283968,28.92,0.2828,0.5608,0.0827,0.0417,1020.794,44.282,4.423,apc
6000,14.2203424,31.81,0.3111,0.5958,0.0799,0.0417,1021.548,42.793,4.272,apc
6000,15.5167584,34.71,0.3393,0.6277,0.0769,0.0416,1017.738,41.176,4.126,apc
6000,16.808704,37.6,0.3676,0.6568,0.0736,0.0412,1008.896,39.427,3.985,apc
6000,18.1006496,40.49,0.3959,0.6833,0.0701,0.0406,994.614,37.547,3.849,apc
6000,19.392595200000002,43.38,0.4242,0.7072,0.0663,0.0398,974.54,35.536,3.718,apc
6000,20.6845408,46.27,0.4525,0.7284,0.0623,0.0387,948.337,33.394,3.591,apc
6000,21.9809568,49.17,0.4807,0.747,0.0581,0.0374,915.761,31.125,3.466,apc
6000,23.2729024,52.06,0.509,0.7629,0.0537,0.0358,876.97,28.747,3.343,apc
6000,24.564848,54.95,0.5373,0.7756,0.0491,0.034,832.278,26.279,3.22,apc
6000,25.8567936,57.84,0.5656,0.7849,0.0443,0.0319,781.989,23.736,3.095,apc
6000,27.148739199999998,60.73,0.5938,0.7899,0.0395,0.0297,726.388,21.134,2.967,apc
6000,28.445155200000002,63.63,0.6221,0.7898,0.0345,0.0272,665.762,18.487,2.832,apc
6000,29.737100799999997,66.52,0.6504,0.783,0.0295,0.0245,600.42,15.809,2.685,apc
6000,31.0290464,69.41,0.6787,0.7668,0.0245,0.0217,530.713,13.115,2.52,apc
6000,32.320992,72.3,0.707,0.7368,0.0194,0.0187,457.054,10.418,2.324,apc
6000,33.612937599999995,75.19,0.7352,0.6846,0.0144,0.0155,379.939,7.738,2.077,apc
6000,34.9093536,78.09,0.7635,0.5925,0.0095,0.0122,299.966,5.091,1.731,apc
6000,36.2012992,80.98,0.7918,0.4153,0.0047,0.0089,217.839,2.499,1.17,apc
6000,37.4932448,83.87,0.8201,-0.006,0,0.0055,134.209,-0.022,-0.016,apc
7000,0,0,0,0,0.1003,0.0357,1390.158,73.108,5.363,apc
7000,0,0,0,0,0.1003,0.0357,1389.9848000000002,73.11094392,5.36354173522934,apc
7000,1.5065248,3.37,0.0283,0.0768,0.0993,0.0365,1421.353,72.396,5.194,apc
7000,3.0175199999999998,6.75,0.0566,0.1487,0.0982,0.0374,1452.633,71.598,5.026,apc
7000,4.5240447999999995,10.12,0.0848,0.2157,0.097,0.0381,1483.464,70.704,4.86,apc
7000,6.0350399999999995,13.5,0.1131,0.2779,0.0956,0.0389,1513.275,69.703,4.697,apc
7000,7.541564800000001,16.87,0.1414,0.3356,0.0941,0.0396,1541.411,68.585,4.537,apc
7000,9.048089599999999,20.24,0.1697,0.3889,0.0924,0.0403,1567.159,67.339,4.382,apc
7000,10.5590848,23.62,0.1979,0.438,0.0905,0.0409,1589.748,65.955,4.231,apc
7000,12.065609599999998,26.99,0.2262,0.4833,0.0884,0.0414,1608.358,64.423,4.085,apc
7000,13.5766048,30.37,0.2545,0.525,0.086,0.0417,1622.139,62.734,3.944,apc
7000,15.083129600000001,33.74,0.2828,0.5632,0.0835,0.0419,1630.224,60.878,3.808,apc
7000,16.5896544,37.11,0.311,0.5984,0.0807,0.042,1631.751,58.849,3.678,apc
7000,18.1006496,40.49,0.3393,0.6305,0.0777,0.0418,1625.894,56.641,3.552,apc
7000,19.607174399999998,43.86,0.3676,0.6599,0.0744,0.0414,1611.89,54.25,3.432,apc
7000,21.1181696,47.24,0.3959,0.6867,0.0709,0.0409,1589.074,51.675,3.316,apc
7000,22.6246944,50.61,0.4242,0.7109,0.0671,0.04,1556.878,48.918,3.204,apc
7000,24.131219199999997,53.98,0.4524,0.7325,0.0631,0.0389,1514.756,45.979,3.095,apc
7000,25.6422144,57.36,0.4807,0.7516,0.0588,0.0376,1462.301,42.864,2.989,apc
7000,27.148739199999998,60.73,0.509,0.768,0.0543,0.036,1399.749,39.595,2.885,apc
7000,28.659734399999998,64.11,0.5373,0.7814,0.0496,0.0341,1327.602,36.2,2.78,apc
7000,30.166259200000002,67.48,0.5655,0.7915,0.0448,0.032,1246.351,32.7,2.675,apc
7000,31.672783999999996,70.85,0.5938,0.7975,0.0399,0.0297,1156.459,29.118,2.567,apc
7000,33.183779200000004,74.23,0.6221,0.7986,0.0349,0.0272,1058.391,25.472,2.454,apc
7000,34.690304,77.6,0.6504,0.7932,0.0299,0.0245,952.647,21.781,2.331,apc
7000,36.1968288,80.97,0.6786,0.7788,0.0248,0.0216,839.799,18.067,2.194,apc
7000,37.707823999999995,84.35,0.7069,0.751,0.0197,0.0185,720.52,14.35,2.031,apc
7000,39.214348799999996,87.72,0.7352,0.7014,0.0146,0.0153,595.618,10.654,1.824,apc
7000,40.725344,91.1,0.7635,0.612,0.0096,0.012,466.07,7.004,1.532,apc
7000,42.2318688,94.47,0.7918,0.4349,0.0047,0.0086,333.033,3.429,1.05,apc
7000,43.7383936,97.84,0.82,-0.0104,-0.0001,0.0051,197.547,-0.047,-0.024,apc
8000,0,0,0,0,0.1011,0.036,2087.376,96.238,4.701,apc
8000,0,0,0,0,0.1011,0.036,2087.2143,96.24168792,4.7019230146318,apc
8000,1.721104,3.85,0.0282,0.0769,0.1001,0.0368,2135.005,95.34,4.554,apc
8000,3.442208,7.7,0.0565,0.1488,0.099,0.0376,2182.838,94.328,4.407,apc
8000,5.1677824,11.56,0.0848,0.2159,0.0979,0.0384,2230.058,93.19,4.261,apc
8000,6.8888864,15.41,0.113,0.2782,0.0965,0.0392,2275.788,91.911,4.118,apc
8000,8.609990400000001,19.26,0.1412,0.3359,0.095,0.0399,2319.026,90.478,3.978,apc
8000,10.3310944,23.11,0.1695,0.3893,0.0933,0.0406,2358.677,88.874,3.842,apc
8000,12.056668799999999,26.97,0.1978,0.4386,0.0914,0.0412,2393.559,87.087,3.71,apc
8000,13.7777728,30.82,0.226,0.484,0.0894,0.0417,2422.418,85.102,3.582,apc
8000,15.4988768,34.67,0.2542,0.5258,0.0871,0.0421,2443.946,82.907,3.459,apc
8000,17.219980800000002,38.52,0.2825,0.5642,0.0845,0.0423,2456.817,80.49,3.341,apc
8000,18.9455552,42.38,0.3108,0.5995,0.0817,0.0424,2459.718,77.841,3.227,apc
8000,20.666659199999998,46.23,0.339,0.6319,0.0787,0.0422,2451.376,74.952,3.118,apc
8000,22.3877632,50.08,0.3672,0.6615,0.0754,0.0419,2430.624,71.818,3.013,apc
8000,24.1088672,53.93,0.3955,0.6885,0.0719,0.0413,2396.444,68.437,2.912,apc
8000,25.8299712,57.78,0.4238,0.713,0.0681,0.0404,2347.966,64.812,2.815,apc
8000,27.5555456,61.64,0.452,0.7351,0.064,0.0393,2284.37,60.944,2.72,apc
8000,29.2766496,65.49,0.4803,0.7546,0.0597,0.038,2205.01,56.838,2.628,apc
8000,30.9977536,69.34,0.5085,0.7716,0.0552,0.0363,2110.198,52.525,2.538,apc
8000,32.7188576,73.19,0.5368,0.7857,0.0504,0.0345,2000.694,48.039,2.448,apc
8000,34.444432,77.05,0.565,0.7965,0.0456,0.0323,1877.247,43.413,2.358,apc
8000,36.165536,80.9,0.5932,0.8035,0.0406,0.03,1740.567,38.673,2.266,apc
8000,37.88664,84.75,0.6215,0.8058,0.0355,0.0274,1591.361,33.847,2.169,apc
8000,39.607744,88.6,0.6497,0.8019,0.0304,0.0246,1430.396,28.959,2.064,apc
8000,41.328848,92.45,0.678,0.7893,0.0252,0.0217,1258.54,24.036,1.947,apc
8000,43.0544224,96.31,0.7063,0.7639,0.0201,0.0185,1076.823,19.107,1.809,apc
8000,44.7755264,100.16,0.7345,0.7174,0.0149,0.0153,886.48,14.204,1.634,apc
8000,46.4966304,104.01,0.7628,0.6317,0.0098,0.0119,689.006,9.361,1.385,apc
8000,48.2177344,107.86,0.791,0.4578,0.0048,0.0084,486.181,4.616,0.968,apc
8000,49.9433088,111.72,0.8193,0.0002,0,0.0048,279.632,0.001,0,apc
9000,0,0,0,0,0.102,0.0363,3000.805,122.902,4.176,apc
9000,0,0,0,0,0.102,0.0363,3000.6968,122.90876682,4.1767652847657795,apc
9000,1.9356832,4.33,0.0282,0.0768,0.1011,0.0371,3070.409,121.815,4.046,apc
9000,3.8713664,8.66,0.0565,0.1487,0.1,0.038,3140.474,120.584,3.915,apc
9000,5.8070496,12.99,0.0847,0.2157,0.0989,0.0388,3209.788,119.192,3.787,apc
9000,7.7472031999999995,17.33,0.1129,0.278,0.0976,0.0396,3277.044,117.621,3.66,apc
9000,9.6828864,21.66,0.1412,0.3357,0.0961,0.0404,3340.773,115.849,3.536,apc
9000,11.618569599999999,25.99,0.1694,0.3891,0.0945,0.0411,3399.354,113.859,3.415,apc
9000,13.5542528,30.32,0.1976,0.4385,0.0926,0.0417,3451.035,111.63,3.298,apc
9000,15.489935999999998,34.65,0.2259,0.4839,0.0906,0.0423,3493.965,109.144,3.185,apc
9000,17.4256192,38.98,0.2541,0.5258,0.0883,0.0427,3526.226,106.384,3.076,apc
9000,19.3657728,43.32,0.2824,0.5643,0.0857,0.0429,3545.859,103.335,2.972,apc
9000,21.301455999999998,47.65,0.3106,0.5997,0.083,0.043,3550.934,99.982,2.871,apc
9000,23.237139199999998,51.98,0.3388,0.6323,0.0799,0.0428,3539.588,96.317,2.775,apc
9000,25.1728224,56.31,0.3671,0.6622,0.0766,0.0425,3510.104,92.331,2.682,apc
9000,27.1085056,60.64,0.3953,0.6895,0.073,0.0419,3460.983,88.022,2.593,apc
9000,29.0441888,64.97,0.4235,0.7143,0.0692,0.041,3390.955,83.393,2.508,apc
9000,30.9843424,69.31,0.4518,0.7368,0.0651,0.0399,3298.842,78.446,2.425,apc
9000,32.9200256,73.64,0.48,0.7567,0.0607,0.0385,3183.675,73.188,2.344,apc
9000,34.8557088,77.97,0.5082,0.7742,0.0561,0.0368,3045.853,67.656,2.265,apc
9000,36.791391999999995,82.3,0.5365,0.7889,0.0514,0.0349,2886.471,61.896,2.187,apc
9000,38.727075199999994,86.63,0.5647,0.8006,0.0464,0.0327,2706.641,55.95,2.108,apc
9000,40.662758399999994,90.96,0.5929,0.8085,0.0414,0.0303,2507.401,49.852,2.027,apc
9000,42.5984416,95.29,0.6212,0.8118,0.0362,0.0277,2289.793,43.637,1.943,apc
9000,44.538595199999996,99.63,0.6494,0.8093,0.031,0.0249,2054.941,37.339,1.853,apc
9000,46.474278399999996,103.96,0.6777,0.7984,0.0257,0.0218,1804.117,30.993,1.752,apc
9000,48.4099616,108.29,0.7059,0.775,0.0204,0.0186,1538.831,24.635,1.632,apc
9000,50.3456448,112.62,0.7341,0.731,0.0152,0.0153,1260.898,18.307,1.481,apc
9000,52.281328,116.95,0.7624,0.6481,0.01,0.0118,972.521,12.055,1.264,apc
9000,54.2170112,121.28,0.7906,0.4752,0.0049,0.0082,676.346,5.928,0.894,apc
9000,56.157164800000004,125.62,0.8188,-0.0049,0,0.0045,374.793,-0.033,-0.009,apc
10000,0,0,0,0,0.103,0.037,4200.932,153.273,3.72,apc
10000,0,0,0,0,0.103,0.037,4201.273800000001,153.28121298000002,3.720379710092421,apc
10000,2.1502624,4.81,0.0282,0.0761,0.1022,0.0379,4295.134,152.014,3.609,apc
10000,4.3005248,9.62,0.0564,0.1474,0.1012,0.0387,4390.324,150.578,3.497,apc
10000,6.4463168,14.42,0.0846,0.2141,0.1001,0.0396,4484.896,148.942,3.386,apc
10000,8.5965792,19.23,0.1128,0.2763,0.0988,0.0404,4577.094,147.083,3.277,apc
10000,10.7468416,24.04,0.141,0.334,0.0974,0.0411,4664.909,144.972,3.169,apc
10000,12.897104,28.85,0.1692,0.3875,0.0958,0.0419,4746.088,142.584,3.063,apc
10000,15.047366399999998,33.66,0.1975,0.4369,0.094,0.0425,4818.177,139.893,2.961,apc
10000,17.1976288,38.47,0.2257,0.4825,0.092,0.043,4878.538,136.875,2.861,apc
10000,19.3434208,43.27,0.2539,0.5245,0.0897,0.0434,4924.416,133.506,2.765,apc
10000,21.4936832,48.08,0.2821,0.5632,0.0872,0.0437,4952.954,129.767,2.672,apc
10000,23.6439456,52.89,0.3103,0.5988,0.0844,0.0438,4961.287,125.638,2.582,apc
10000,25.794208,57.7,0.3385,0.6315,0.0814,0.0436,4946.631,121.108,2.497,apc
10000,27.9444704,62.51,0.3667,0.6616,0.0781,0.0433,4906.399,116.166,2.414,apc
10000,30.0902624,67.31,0.3949,0.6892,0.0745,0.0427,4838.388,110.809,2.335,apc
10000,32.2405248,72.12,0.4231,0.7144,0.0706,0.0418,4740.806,105.041,2.259,apc
10000,34.390787200000005,76.93,0.4513,0.7372,0.0664,0.0407,4612.013,98.864,2.186,apc
10000,36.541049599999994,81.74,0.4795,0.7577,0.062,0.0393,4450.609,92.286,2.114,apc
10000,38.691311999999996,86.55,0.5077,0.7757,0.0574,0.0375,4257.048,85.353,2.045,apc
10000,40.8415744,91.36,0.536,0.7911,0.0525,0.0356,4032.875,78.123,1.975,apc
10000,42.9873664,96.16,0.5642,0.8035,0.0475,0.0333,3779.667,70.647,1.906,apc
10000,45.1376288,100.97,0.5924,0.8124,0.0423,0.0309,3498.914,62.973,1.835,apc
10000,47.2878912,105.78,0.6206,0.8169,0.0371,0.0282,3192.132,55.144,1.762,apc
10000,49.4381536,110.59,0.6488,0.8157,0.0317,0.0252,2860.988,47.203,1.682,apc
10000,51.588416,115.4,0.677,0.8063,0.0263,0.0221,2507.421,39.193,1.594,apc
10000,53.7386784,120.21,0.7052,0.7848,0.0209,0.0188,2133.777,31.162,1.489,apc
10000,55.8844704,125.01,0.7334,0.7427,0.0156,0.0154,1742.949,23.162,1.355,apc
10000,58.03473279999999,129.82,0.7616,0.6612,0.0102,0.0118,1338.528,15.251,1.162,apc
10000,60.184995199999996,134.63,0.7898,0.4876,0.005,0.0082,924.865,7.493,0.826,apc
10000,62.3352576,139.44,0.818,-0.0074,0,0.0045,506.02,-0.06,-0.012,apc
11000,0,0,0,0,0.1041,0.0394,5945.518,187.474,3.215,apc
11000,0,0,0,0,0.1041,0.0394,5945.466100000001,187.48357656000002,3.2155602179839304,apc
11000,2.3603712,5.28,0.0282,0.0725,0.1033,0.0402,6059.798,186.081,3.131,apc
11000,4.7207424,10.56,0.0563,0.141,0.1025,0.0409,6174.605,184.481,3.047,apc
11000,7.0811136,15.84,0.0845,0.2057,0.1014,0.0417,6287.83,182.642,2.962,apc
11000,9.4414848,21.12,0.1126,0.2664,0.1003,0.0424,6397.177,180.532,2.878,apc
11000,11.801855999999999,26.4,0.1408,0.3234,0.0989,0.0431,6500.064,178.115,2.794,apc
11000,14.1622272,31.68,0.1689,0.3766,0.0974,0.0437,6593.646,175.356,2.712,apc
11000,16.5225984,36.96,0.1971,0.4263,0.0956,0.0442,6674.854,172.219,2.631,apc
11000,18.8829696,42.24,0.2253,0.4725,0.0937,0.0447,6740.47,168.672,2.552,apc
11000,21.243340800000002,47.52,0.2534,0.5154,0.0915,0.045,6787.149,164.684,2.474,apc
11000,23.603711999999998,52.8,0.2816,0.5552,0.089,0.0451,6811.439,160.226,2.399,apc
11000,25.964083199999997,58.08,0.3097,0.592,0.0862,0.0451,6809.841,155.276,2.325,apc
11000,28.3244544,63.36,0.3379,0.6259,0.0832,0.0449,6778.883,149.814,2.254,apc
11000,30.6848256,68.64,0.3661,0.6572,0.0799,0.0445,6715.233,143.829,2.184,apc
11000,33.0451968,73.92,0.3942,0.6858,0.0763,0.0438,6615.848,137.316,2.116,apc
11000,35.405568,79.2,0.4224,0.712,0.0724,0.0429,6478.021,130.277,2.051,apc
11000,37.761468799999996,84.47,0.4505,0.7357,0.0682,0.0417,6299.202,122.718,1.987,apc
11000,40.12184,89.75,0.4787,0.757,0.0637,0.0403,6076.988,114.648,1.924,apc
11000,42.4822112,95.03,0.5068,0.7758,0.0589,0.0385,5811.556,106.118,1.862,apc
11000,44.8425824,100.31,0.535,0.7918,0.054,0.0365,5504.915,97.203,1.801,apc
11000,47.2029536,105.59,0.5632,0.8049,0.0489,0.0342,5158.974,87.969,1.739,apc
11000,49.563324800000004,110.87,0.5913,0.8144,0.0436,0.0316,4776.058,78.472,1.675,apc
11000,51.923696,116.15,0.6195,0.8192,0.0382,0.0289,4358.713,68.769,1.609,apc
11000,54.2840672,121.43,0.6476,0.8179,0.0327,0.0259,3909.995,58.912,1.536,apc
11000,56.6444384,126.71,0.6758,0.8077,0.0272,0.0228,3433.498,48.955,1.454,apc
11000,59.0048096,131.99,0.704,0.7836,0.0216,0.0194,2933.521,38.956,1.354,apc
11000,61.365180800000005,137.27,0.7321,0.7363,0.0161,0.016,2415.354,28.979,1.223,apc
11000,63.72555200000001,142.55,0.7603,0.6455,0.0106,0.0125,1885.288,19.097,1.033,apc
11000,66.08592320000001,147.83,0.7884,0.4594,0.0052,0.0089,1350.537,9.388,0.709,apc
11000,68.4462944,153.11,0.8166,-0.0066,0,0.0054,817.675,-0.079,-0.01,apc
12000,0,0,0,0,0.1051,0.045,8817.516,225.299,2.606,apc
12000,0,0,0,0,0.1051,0.045,8817.1568,225.31123944,2.605755222852791,apc
12000,2.5749504,5.76,0.0282,0.0645,0.1045,0.0457,8947.003,223.841,2.551,apc
12000,5.1543712,11.53,0.0564,0.1262,0.1037,0.0463,9073.844,222.149,2.497,apc
12000,7.7293216,17.29,0.0845,0.1851,0.1028,0.0469,9194.801,220.181,2.442,apc
12000,10.304272000000001,23.05,0.1127,0.2413,0.1017,0.0475,9306.304,217.892,2.388,apc
12000,12.8836928,28.82,0.1409,0.2948,0.1004,0.048,9405.016,215.238,2.334,apc
12000,15.4586432,34.58,0.1691,0.3457,0.099,0.0484,9487.098,212.171,2.281,apc
12000,18.0335936,40.34,0.1972,0.3941,0.0974,0.0487,9548.706,208.643,2.228,apc
12000,20.6130144,46.11,0.2254,0.44,0.0955,0.0489,9585.958,204.61,2.177,apc
12000,23.1879648,51.87,0.2536,0.4834,0.0933,0.049,9595.065,200.026,2.126,apc
12000,25.762915200000002,57.63,0.2818,0.5245,0.0909,0.0489,9572.25,194.855,2.076,apc
12000,28.342336,63.4,0.3099,0.5632,0.0882,0.0486,9513.885,189.061,2.026,apc
12000,30.9172864,69.16,0.3381,0.5996,0.0852,0.0481,9416.533,182.619,1.978,apc
12000,33.4967072,74.93,0.3663,0.6337,0.0819,0.0473,9277.025,175.512,1.929,apc
12000,36.0716576,80.69,0.3945,0.6654,0.0783,0.0464,9092.543,167.731,1.881,apc
12000,38.646608,86.45,0.4227,0.6947,0.0743,0.0452,8860.565,159.281,1.833,apc
12000,41.2260288,92.22,0.4508,0.7216,0.0701,0.0438,8578.46,150.168,1.785,apc
12000,43.8009792,97.98,0.479,0.746,0.0655,0.0421,8243.818,140.405,1.737,apc
12000,46.3759296,103.74,0.5072,0.7677,0.0607,0.0401,7856.648,130.055,1.688,apc
12000,48.9553504,109.51,0.5354,0.786,0.0556,0.0379,7423.973,119.205,1.637,apc
12000,51.5303008,115.27,0.5635,0.8001,0.0504,0.0355,6951.739,107.937,1.583,apc
12000,54.1052512,121.03,0.5917,0.8087,0.045,0.0329,6444.143,96.322,1.524,apc
12000,56.684672,126.8,0.6199,0.8104,0.0394,0.0301,5905.729,84.43,1.458,apc
12000,59.2596224,132.56,0.6481,0.8036,0.0338,0.0272,5333.754,72.333,1.383,apc
12000,61.8345728,138.32,0.6762,0.7848,0.028,0.0242,4735.492,60.102,1.294,apc
12000,64.4139936,144.09,0.7044,0.7476,0.0223,0.021,4119.077,47.809,1.184,apc
12000,66.98894399999999,149.85,0.7326,0.6815,0.0166,0.0178,3493.278,35.539,1.037,apc
12000,69.56389440000001,155.61,0.7608,0.5672,0.0109,0.0146,2868.084,23.385,0.831,apc
12000,72.1433152,161.38,0.789,0.3667,0.0053,0.0115,2254.259,11.458,0.518,apc
12000,74.7182656,167.14,0.8171,-0.0069,-0.0001,0.0085,1658.616,-0.154,-0.009,apc
13000,0,0,0,0,0.1044,0.0518,12892.854,262.459,2.076,apc
13000,0,0,0,0,0.1044,0.0518,12893.153,262.47166932,2.075881800619177,apc
13000,2.8118816,6.29,0.0284,0.0561,0.1038,0.0525,13078.683,261.123,2.036,apc
13000,5.6192928,12.57,0.0567,0.11,0.1032,0.0532,13261.848,259.552,1.996,apc
13000,8.4311744,18.86,0.0851,0.1617,0.1025,0.0539,13436.755,257.694,1.956,apc
13000,11.243056,25.15,0.1135,0.2112,0.1016,0.0546,13597.034,255.494,1.916,apc
13000,14.0549376,31.44,0.1419,0.2587,0.1006,0.0551,13735.493,252.889,1.877,apc
13000,16.8623488,37.72,0.1702,0.3043,0.0993,0.0556,13844.446,249.811,1.84,apc
13000,19.6742304,44.01,0.1986,0.3481,0.0979,0.0559,13916.013,246.191,1.804,apc
13000,22.486112,50.3,0.227,0.3902,0.0962,0.056,13942.627,241.959,1.77,apc
13000,25.2935232,56.58,0.2554,0.4308,0.0943,0.0559,13917.468,237.049,1.737,apc
13000,28.1054048,62.87,0.2837,0.4701,0.092,0.0555,13834.806,231.4,1.706,apc
13000,30.9172864,69.16,0.3121,0.508,0.0895,0.055,13690.267,224.962,1.676,apc
13000,33.729168,75.45,0.3405,0.5446,0.0866,0.0541,13480.831,217.691,1.647,apc
13000,36.5365792,81.73,0.3688,0.5799,0.0833,0.053,13204.712,209.561,1.618,apc
13000,39.3484608,88.02,0.3972,0.6136,0.0798,0.0516,12861.182,200.56,1.59,apc
13000,42.1603424,94.31,0.4256,0.6457,0.0758,0.05,12450.267,190.688,1.562,apc
13000,44.9677536,100.59,0.454,0.676,0.0716,0.0481,11972.006,179.957,1.533,apc
13000,47.779635199999994,106.88,0.4823,0.7041,0.067,0.0459,11425.938,168.381,1.503,apc
13000,50.5915168,113.17,0.5107,0.73,0.062,0.0434,10814.234,156.039,1.471,apc
13000,53.40339839999999,119.46,0.5391,0.7531,0.0569,0.0407,10144.198,143.054,1.438,apc
13000,56.2108096,125.74,0.5675,0.7709,0.0515,0.0379,9444.299,129.52,1.398,apc
13000,59.0226912,132.03,0.5958,0.7813,0.0459,0.035,8727.403,115.535,1.35,apc
13000,61.8345728,138.32,0.6242,0.7769,0.0402,0.0323,8050.718,101.149,1.281,apc
13000,64.641984,144.6,0.6526,0.7567,0.0344,0.0297,7388.339,86.484,1.194,apc
13000,67.45386559999999,150.89,0.6809,0.7202,0.0285,0.0269,6713.413,71.675,1.089,apc
13000,70.2657472,157.18,0.7093,0.6613,0.0226,0.0242,6038.86,56.835,0.96,apc
13000,73.0776288,163.47,0.7377,0.5721,0.0167,0.0216,5377.347,42.099,0.798,apc
13000,75.88504,169.75,0.7661,0.4422,0.011,0.019,4739.285,27.619,0.594,apc
13000,78.6969216,176.04,0.7944,0.2582,0.0054,0.0166,4134.152,13.566,0.335,apc
13000,81.5088032,182.33,0.8228,0.0004,0,0.0143,3557.374,0.018,0.001,apc